prefix,first_revision,last_revision,first_effective_date,removed_at,end_effective_date
02011005,rev_29,2026_rev_9,2025-11-13,NA,NA
02011010,rev_29,2026_rev_9,2025-11-13,NA,NA
02011050,rev_29,2026_rev_9,2025-11-13,NA,NA
02012002,rev_29,2026_rev_9,2025-11-13,NA,NA
02012004,rev_29,2026_rev_9,2025-11-13,NA,NA
02012006,rev_29,2026_rev_9,2025-11-13,NA,NA
02012010,rev_29,2026_rev_9,2025-11-13,NA,NA
02012030,rev_29,2026_rev_9,2025-11-13,NA,NA
02012050,rev_29,2026_rev_9,2025-11-13,NA,NA
02012080,rev_29,2026_rev_9,2025-11-13,NA,NA
02013002,rev_29,2026_rev_9,2025-11-13,NA,NA
02013004,rev_29,2026_rev_9,2025-11-13,NA,NA
02013006,rev_29,2026_rev_9,2025-11-13,NA,NA
02013010,rev_29,2026_rev_9,2025-11-13,NA,NA
02013030,rev_29,2026_rev_9,2025-11-13,NA,NA
02013050,rev_29,2026_rev_9,2025-11-13,NA,NA
02013080,rev_29,2026_rev_9,2025-11-13,NA,NA
02021005,rev_29,2026_rev_9,2025-11-13,NA,NA
02021010,rev_29,2026_rev_9,2025-11-13,NA,NA
02021050,rev_29,2026_rev_9,2025-11-13,NA,NA
02022002,rev_29,2026_rev_9,2025-11-13,NA,NA
02022004,rev_29,2026_rev_9,2025-11-13,NA,NA
02022006,rev_29,2026_rev_9,2025-11-13,NA,NA
02022010,rev_29,2026_rev_9,2025-11-13,NA,NA
02022030,rev_29,2026_rev_9,2025-11-13,NA,NA
02022050,rev_29,2026_rev_9,2025-11-13,NA,NA
02022080,rev_29,2026_rev_9,2025-11-13,NA,NA
02023002,rev_29,2026_rev_9,2025-11-13,NA,NA
02023004,rev_29,2026_rev_9,2025-11-13,NA,NA
02023006,rev_29,2026_rev_9,2025-11-13,NA,NA
02023010,rev_29,2026_rev_9,2025-11-13,NA,NA
02023030,rev_29,2026_rev_9,2025-11-13,NA,NA
02023050,rev_29,2026_rev_9,2025-11-13,NA,NA
02023080,rev_29,2026_rev_9,2025-11-13,NA,NA
02061000,rev_29,2026_rev_9,2025-11-13,NA,NA
02062100,rev_29,2026_rev_9,2025-11-13,NA,NA
02062200,rev_29,2026_rev_9,2025-11-13,NA,NA
02062900,rev_29,2026_rev_9,2025-11-13,NA,NA
02102000,rev_29,2026_rev_9,2025-11-13,NA,NA
05080000,rev_7,2026_rev_9,NA,NA,NA
07020020,rev_29,2026_rev_9,2025-11-13,NA,NA
07020040,rev_29,2026_rev_9,2025-11-13,NA,NA
07020060,rev_29,2026_rev_9,2025-11-13,NA,NA
07099905,rev_29,2026_rev_9,2025-11-13,NA,NA
07099910,rev_29,2026_rev_9,2025-11-13,NA,NA
07108015,rev_29,2026_rev_9,2025-11-13,NA,NA
07119030,rev_29,2026_rev_9,2025-11-13,NA,NA
07123200,rev_29,2026_rev_9,2025-11-13,NA,NA
07123410,rev_29,2026_rev_9,2025-11-13,NA,NA
07123420,rev_29,2026_rev_9,2025-11-13,NA,NA
07133420,rev_29,2026_rev_9,2025-11-13,NA,NA
07133440,rev_29,2026_rev_9,2025-11-13,NA,NA
07141010,rev_29,2026_rev_9,2025-11-13,NA,NA
07141020,rev_29,2026_rev_9,2025-11-13,NA,NA
07144010,rev_29,2026_rev_9,2025-11-13,NA,NA
07144020,rev_29,2026_rev_9,2025-11-13,NA,NA
07144050,rev_29,2026_rev_9,2025-11-13,NA,NA
07144060,rev_29,2026_rev_9,2025-11-13,NA,NA
07145010,rev_29,2026_rev_9,2025-11-13,NA,NA
07145020,rev_29,2026_rev_9,2025-11-13,NA,NA
07145060,rev_29,2026_rev_9,2025-11-13,NA,NA
07149042,rev_29,2026_rev_9,2025-11-13,NA,NA
07149044,rev_29,2026_rev_9,2025-11-13,NA,NA
07149046,rev_29,2026_rev_9,2025-11-13,NA,NA
07149048,rev_29,2026_rev_9,2025-11-13,NA,NA
07149061,rev_29,2026_rev_9,2025-11-13,NA,NA
08011100,rev_29,2026_rev_9,2025-11-13,NA,NA
08011200,rev_29,2026_rev_9,2025-11-13,NA,NA
08011901,rev_29,2026_rev_9,2025-11-13,NA,NA
08012100,rev_29,2026_rev_9,2025-11-13,NA,NA
08012200,rev_29,2026_rev_9,2025-11-13,NA,NA
08013100,rev_29,2026_rev_9,2025-11-13,NA,NA
08013200,rev_29,2026_rev_9,2025-11-13,NA,NA
08024100,rev_29,2026_rev_9,2025-11-13,NA,NA
08024200,rev_29,2026_rev_9,2025-11-13,NA,NA
08026100,rev_29,2026_rev_9,2025-11-13,NA,NA
08026200,rev_29,2026_rev_9,2025-11-13,NA,NA
08027010,rev_29,2026_rev_9,2025-11-13,NA,NA
08027020,rev_29,2026_rev_9,2025-11-13,NA,NA
08028010,rev_29,2026_rev_9,2025-11-13,NA,NA
08028020,rev_29,2026_rev_9,2025-11-13,NA,NA
08029110,rev_29,2026_rev_9,2025-11-13,NA,NA
08029190,rev_29,2026_rev_9,2025-11-13,NA,NA
08029210,rev_29,2026_rev_9,2025-11-13,NA,NA
08029290,rev_29,2026_rev_9,2025-11-13,NA,NA
08031010,rev_29,2026_rev_9,2025-11-13,NA,NA
08031020,rev_29,2026_rev_9,2025-11-13,NA,NA
08039000,rev_29,2026_rev_9,2025-11-13,NA,NA
08043020,rev_29,2026_rev_9,2025-11-13,NA,NA
08043040,rev_29,2026_rev_9,2025-11-13,NA,NA
08043060,rev_29,2026_rev_9,2025-11-13,NA,NA
08044000,rev_29,2026_rev_9,2025-11-13,NA,NA
08045040,rev_29,2026_rev_9,2025-11-13,NA,NA
08045060,rev_29,2026_rev_9,2025-11-13,NA,NA
08045080,rev_29,2026_rev_9,2025-11-13,NA,NA
08051000,rev_29,2026_rev_9,2025-11-13,NA,NA
08055030,rev_29,2026_rev_9,2025-11-13,NA,NA
08055040,rev_29,2026_rev_9,2025-11-13,NA,NA
08072000,rev_29,2026_rev_9,2025-11-13,NA,NA
08084020,rev_29,2026_rev_9,2025-11-13,NA,NA
08084040,rev_29,2026_rev_9,2025-11-13,NA,NA
08105000,rev_29,2026_rev_9,2025-11-13,NA,NA
08106000,rev_29,2026_rev_9,2025-11-13,NA,NA
08109027,rev_29,2026_rev_9,2025-11-13,NA,NA
08109046,rev_29,2026_rev_9,2025-11-13,NA,NA
08119010,rev_29,2026_rev_9,2025-11-13,NA,NA
08119025,rev_29,2026_rev_9,2025-11-13,NA,NA
08119030,rev_29,2026_rev_9,2025-11-13,NA,NA
08119040,rev_29,2026_rev_9,2025-11-13,NA,NA
08119050,rev_29,2026_rev_9,2025-11-13,NA,NA
08119052,rev_29,2026_rev_9,2025-11-13,NA,NA
08129040,rev_29,2026_rev_9,2025-11-13,NA,NA
09011100,rev_29,2026_rev_9,2025-11-13,NA,NA
09011200,rev_29,2026_rev_9,2025-11-13,NA,NA
09012100,rev_29,2026_rev_9,2025-11-13,NA,NA
09012200,rev_29,2026_rev_9,2025-11-13,NA,NA
09019010,rev_29,2026_rev_9,2025-11-13,NA,NA
09019020,rev_29,2026_rev_9,2025-11-13,NA,NA
09021010,rev_29,2026_rev_9,2025-11-13,NA,NA
09021090,rev_29,2026_rev_9,2025-11-13,NA,NA
09022010,rev_29,2026_rev_9,2025-11-13,NA,NA
09022090,rev_29,2026_rev_9,2025-11-13,NA,NA
09023000,rev_29,2026_rev_9,2025-11-13,NA,NA
09024000,rev_29,2026_rev_9,2025-11-13,NA,NA
09030000,rev_29,2026_rev_9,2025-11-13,NA,NA
09041100,rev_29,2026_rev_9,2025-11-13,NA,NA
09041200,rev_29,2026_rev_9,2025-11-13,NA,NA
09042120,rev_29,2026_rev_9,2025-11-13,NA,NA
09042140,rev_29,2026_rev_9,2025-11-13,NA,NA
09042160,rev_29,2026_rev_9,2025-11-13,NA,NA
09042180,rev_29,2026_rev_9,2025-11-13,NA,NA
09042220,rev_29,2026_rev_9,2025-11-13,NA,NA
09042240,rev_29,2026_rev_9,2025-11-13,NA,NA
09042273,rev_29,2026_rev_9,2025-11-13,NA,NA
09042276,rev_29,2026_rev_9,2025-11-13,NA,NA
09042280,rev_29,2026_rev_9,2025-11-13,NA,NA
09051000,rev_29,2026_rev_9,2025-11-13,NA,NA
09052000,rev_29,2026_rev_9,2025-11-13,NA,NA
09061100,rev_29,2026_rev_9,2025-11-13,NA,NA
09061900,rev_29,2026_rev_9,2025-11-13,NA,NA
09062000,rev_29,2026_rev_9,2025-11-13,NA,NA
09071000,rev_29,2026_rev_9,2025-11-13,NA,NA
09072000,rev_29,2026_rev_9,2025-11-13,NA,NA
09081100,rev_29,2026_rev_9,2025-11-13,NA,NA
09081200,rev_29,2026_rev_9,2025-11-13,NA,NA
09082100,rev_29,2026_rev_9,2025-11-13,NA,NA
09082220,rev_29,2026_rev_9,2025-11-13,NA,NA
09082240,rev_29,2026_rev_9,2025-11-13,NA,NA
09083100,rev_29,2026_rev_9,2025-11-13,NA,NA
09083200,rev_29,2026_rev_9,2025-11-13,NA,NA
09092100,rev_29,2026_rev_9,2025-11-13,NA,NA
09092200,rev_29,2026_rev_9,2025-11-13,NA,NA
09093100,rev_29,2026_rev_9,2025-11-13,NA,NA
09093200,rev_29,2026_rev_9,2025-11-13,NA,NA
09096100,rev_29,2026_rev_9,2025-11-13,NA,NA
09096200,rev_29,2026_rev_9,2025-11-13,NA,NA
09101100,rev_29,2026_rev_9,2025-11-13,NA,NA
09101200,rev_29,2026_rev_9,2025-11-13,NA,NA
09102000,rev_29,2026_rev_9,2025-11-13,NA,NA
09103000,rev_29,2026_rev_9,2025-11-13,NA,NA
09109100,rev_29,2026_rev_9,2025-11-13,NA,NA
09109907,rev_29,2026_rev_9,2025-11-13,NA,NA
09109910,rev_29,2026_rev_9,2025-11-13,NA,NA
09109920,rev_29,2026_rev_9,2025-11-13,NA,NA
09109940,rev_29,2026_rev_9,2025-11-13,NA,NA
09109950,rev_29,2026_rev_9,2025-11-13,NA,NA
09109960,rev_29,2026_rev_9,2025-11-13,NA,NA
10039040,rev_29,2026_rev_9,2025-11-13,NA,NA
10083000,rev_29,2026_rev_9,2025-11-13,NA,NA
10084000,rev_29,2026_rev_9,2025-11-13,NA,NA
10086000,rev_29,2026_rev_9,2025-11-13,NA,NA
11062090,rev_29,2026_rev_9,2025-11-13,NA,NA
11063020,rev_29,2026_rev_9,2025-11-13,NA,NA
11081400,rev_29,2026_rev_9,2025-11-13,NA,NA
11081900,rev_29,2026_rev_9,2025-11-13,NA,NA
12030000,rev_29,2026_rev_9,2025-11-13,NA,NA
12079100,rev_29,2026_rev_9,2025-11-13,NA,NA
15131100,rev_29,2026_rev_9,2025-11-13,NA,NA
15131900,rev_29,2026_rev_9,2025-11-13,NA,NA
15211000,rev_29,2026_rev_9,2025-11-13,NA,NA
15219020,rev_29,2026_rev_9,2025-11-13,NA,NA
16025005,rev_29,2026_rev_9,2025-11-13,NA,NA
16025007,rev_29,2026_rev_9,2025-11-13,NA,NA
16025008,rev_29,2026_rev_9,2025-11-13,NA,NA
16025021,rev_29,2026_rev_9,2025-11-13,NA,NA
16025060,rev_29,2026_rev_9,2025-11-13,NA,NA
16025090,rev_29,2026_rev_9,2025-11-13,NA,NA
18010000,rev_29,2026_rev_9,2025-11-13,NA,NA
18020000,rev_29,2026_rev_9,2025-11-13,NA,NA
18031000,rev_29,2026_rev_9,2025-11-13,NA,NA
18032000,rev_29,2026_rev_9,2025-11-13,NA,NA
18040000,rev_29,2026_rev_9,2025-11-13,NA,NA
18050000,rev_29,2026_rev_9,2025-11-13,NA,NA
19030020,rev_29,2026_rev_9,2025-11-13,NA,NA
19030040,rev_29,2026_rev_9,2025-11-13,NA,NA
20019045,rev_29,2026_rev_9,2025-11-13,NA,NA
20059160,rev_29,2026_rev_9,2025-11-13,NA,NA
20060040,rev_29,2026_rev_9,2025-11-13,NA,NA
20079940,rev_29,2026_rev_9,2025-11-13,NA,NA
20079950,rev_29,2026_rev_9,2025-11-13,NA,NA
20081915,rev_29,2026_rev_9,2025-11-13,NA,NA
20082000,rev_29,2026_rev_9,2025-11-13,NA,NA
20089100,rev_29,2026_rev_9,2025-11-13,NA,NA
20089913,rev_29,2026_rev_9,2025-11-13,NA,NA
20089915,rev_29,2026_rev_9,2025-11-13,NA,NA
20089940,rev_29,2026_rev_9,2025-11-13,NA,NA
20089945,rev_29,2026_rev_9,2025-11-13,NA,NA
20089991,rev_29,2026_rev_9,2025-11-13,NA,NA
20091100,rev_29,2026_rev_9,2025-11-13,NA,NA
20091225,rev_29,2026_rev_9,2025-11-13,NA,NA
20091245,rev_29,2026_rev_9,2025-11-13,NA,NA
20091900,rev_29,2026_rev_9,2025-11-13,NA,NA
20093920,rev_29,2026_rev_9,2025-11-13,NA,NA
20094940,rev_29,2026_rev_9,2025-11-13,NA,NA
21011129,rev_29,2026_rev_9,2025-11-13,NA,NA
21011290,rev_29,2026_rev_9,2025-11-13,NA,NA
21012020,rev_29,2026_rev_9,2025-11-13,NA,NA
21069048,rev_29,2026_rev_9,2025-11-13,NA,NA
22029930,rev_29,2026_rev_9,2025-11-13,NA,NA
22029935,rev_29,2026_rev_9,2025-11-13,NA,NA
25041010,rev_22,2026_rev_9,2025-09-08,NA,NA
25041050,rev_7,2026_rev_9,NA,NA,NA
25049000,rev_7,2026_rev_9,NA,NA,NA
25101000,rev_7,2026_rev_9,NA,NA,NA
25102000,rev_7,2026_rev_9,NA,NA,NA
25111010,rev_7,2026_rev_9,NA,NA,NA
25111050,rev_7,2026_rev_9,NA,NA,NA
25191000,rev_7,2026_rev_9,NA,NA,NA
25199010,rev_7,2026_rev_9,NA,NA,NA
25199020,rev_7,2026_rev_9,NA,NA,NA
25249000,rev_7,2026_rev_9,NA,NA,NA
25292100,rev_7,2026_rev_9,NA,NA,NA
25292200,rev_7,2026_rev_9,NA,NA,NA
25302010,rev_7,2026_rev_9,NA,NA,NA
25302020,rev_7,2026_rev_9,NA,NA,NA
25309010,rev_7,2026_rev_9,NA,NA,NA
25309020,rev_7,2026_rev_9,NA,NA,NA
25309080,rev_7,2026_rev_9,NA,NA,NA
26020000,rev_7,2026_rev_9,NA,NA,NA
26030000,rev_7,2026_rev_9,NA,NA,NA
26040000,rev_22,2026_rev_9,2025-09-08,NA,NA
26050000,rev_7,2026_rev_9,NA,NA,NA
26060000,rev_7,2026_rev_9,NA,NA,NA
26080000,rev_7,2026_rev_9,NA,NA,NA
26090000,rev_22,2026_rev_9,2025-09-08,NA,NA
26100000,rev_7,2026_rev_9,NA,NA,NA
26110030,rev_7,2026_rev_9,NA,NA,NA
26110060,rev_7,2026_rev_9,NA,NA,NA
26121000,rev_7,2026_rev_9,NA,NA,NA
26122000,rev_22,2026_rev_9,2025-09-08,NA,NA
26139000,rev_22,2026_rev_9,2025-09-08,NA,NA
26140030,rev_7,2026_rev_9,NA,NA,NA
26140060,rev_7,2026_rev_9,NA,NA,NA
26159030,rev_7,2026_rev_9,NA,NA,NA
26159060,rev_7,2026_rev_9,NA,NA,NA
26161000,rev_7,2026_rev_9,NA,NA,NA
26171000,rev_7,2026_rev_9,NA,NA,NA
26203000,rev_7,2026_rev_9,NA,NA,NA
26209950,rev_7,2026_rev_9,NA,NA,NA
27011100,rev_7,2026_rev_9,NA,NA,NA
27011200,rev_7,2026_rev_9,NA,NA,NA
27011900,rev_7,2026_rev_9,NA,NA,NA
27012000,rev_7,2026_rev_9,NA,NA,NA
27021000,rev_7,2026_rev_9,NA,NA,NA
27022000,rev_7,2026_rev_9,NA,NA,NA
27030000,rev_7,2026_rev_9,NA,NA,NA
27040000,rev_7,2026_rev_9,NA,NA,NA
27050000,rev_7,2026_rev_9,NA,NA,NA
27060000,rev_7,2026_rev_9,NA,NA,NA
27071000,rev_7,2026_rev_9,NA,NA,NA
27072000,rev_7,2026_rev_9,NA,NA,NA
27073000,rev_7,2026_rev_9,NA,NA,NA
27074000,rev_7,2026_rev_9,NA,NA,NA
27075000,rev_7,2026_rev_9,NA,NA,NA
27079100,rev_7,2026_rev_9,NA,NA,NA
27079910,rev_7,2026_rev_9,NA,NA,NA
27079920,rev_7,2026_rev_9,NA,NA,NA
27079940,rev_7,2026_rev_9,NA,NA,NA
27079951,rev_7,2026_rev_9,NA,NA,NA
27079955,rev_7,2026_rev_9,NA,NA,NA
27079959,rev_7,2026_rev_9,NA,NA,NA
27079990,rev_7,2026_rev_9,NA,NA,NA
27081000,rev_7,2026_rev_9,NA,NA,NA
27082000,rev_7,2026_rev_9,NA,NA,NA
27090010,rev_7,2026_rev_9,NA,NA,NA
27090020,rev_7,2026_rev_9,NA,NA,NA
27101215,rev_7,2026_rev_9,NA,NA,NA
27101218,rev_7,2026_rev_9,NA,NA,NA
27101225,rev_7,2026_rev_9,NA,NA,NA
27101245,rev_7,2026_rev_9,NA,NA,NA
27101290,rev_7,2026_rev_9,NA,NA,NA
27101906,rev_7,2026_rev_9,NA,NA,NA
27101911,rev_7,2026_rev_9,NA,NA,NA
27101916,rev_7,2026_rev_9,NA,NA,NA
27101924,rev_7,2026_rev_9,NA,NA,NA
27101925,rev_7,2026_rev_9,NA,NA,NA
27101926,rev_7,2026_rev_9,NA,NA,NA
27101930,rev_7,2026_rev_9,NA,NA,NA
27101935,rev_7,2026_rev_9,NA,NA,NA
27101940,rev_7,2026_rev_9,NA,NA,NA
27101945,rev_7,2026_rev_9,NA,NA,NA
27101990,rev_7,2026_rev_9,NA,NA,NA
27102005,rev_7,2026_rev_9,NA,NA,NA
27102010,rev_7,2026_rev_9,NA,NA,NA
27102015,rev_7,2026_rev_9,NA,NA,NA
27102025,rev_7,2026_rev_9,NA,NA,NA
27109100,rev_7,2026_rev_9,NA,NA,NA
27109905,rev_7,2026_rev_9,NA,NA,NA
27109910,rev_7,2026_rev_9,NA,NA,NA
27109916,rev_7,2026_rev_9,NA,NA,NA
27109921,rev_7,2026_rev_9,NA,NA,NA
27109931,rev_7,2026_rev_9,NA,NA,NA
27109932,rev_7,2026_rev_9,NA,NA,NA
27109939,rev_7,2026_rev_9,NA,NA,NA
27109945,rev_7,2026_rev_9,NA,NA,NA
27109990,rev_7,2026_rev_9,NA,NA,NA
27111100,rev_7,2026_rev_9,NA,NA,NA
27111200,rev_7,2026_rev_9,NA,NA,NA
27111300,rev_7,2026_rev_9,NA,NA,NA
27111400,rev_7,2026_rev_9,NA,NA,NA
27111900,rev_7,2026_rev_9,NA,NA,NA
27112100,rev_7,2026_rev_9,NA,NA,NA
27112900,rev_7,2026_rev_9,NA,NA,NA
27121000,rev_7,2026_rev_9,NA,NA,NA
27122000,rev_7,2026_rev_9,NA,NA,NA
27129010,rev_7,2026_rev_9,NA,NA,NA
27129020,rev_7,2026_rev_9,NA,NA,NA
27131100,rev_7,2026_rev_9,NA,NA,NA
27131200,rev_7,2026_rev_9,NA,NA,NA
27132000,rev_7,2026_rev_9,NA,NA,NA
27139000,rev_7,2026_rev_9,NA,NA,NA
27141000,rev_7,2026_rev_9,NA,NA,NA
27149000,rev_7,2026_rev_9,NA,NA,NA
27150000,rev_7,2026_rev_9,NA,NA,NA
27160000,rev_7,2026_rev_9,NA,NA,NA
28012000,rev_7,2026_rev_9,NA,NA,NA
28042900,rev_7,2026_rev_9,NA,NA,NA
28045000,rev_7,2026_rev_9,NA,NA,NA
28046100,rev_7,2026_rev_9,NA,NA,NA
28048000,rev_7,2026_rev_9,NA,NA,NA
28049000,rev_7,2026_rev_9,NA,NA,NA
28051910,rev_7,2026_rev_9,NA,NA,NA
28051920,rev_7,2026_rev_9,NA,NA,NA
28051990,rev_7,2026_rev_9,NA,NA,NA
28053000,rev_7,2026_rev_9,NA,NA,NA
28111100,rev_7,2026_rev_9,NA,NA,NA
28111910,rev_7,2026_rev_9,NA,NA,NA
28112910,rev_7,2026_rev_9,NA,NA,NA
28112920,rev_7,2026_rev_9,NA,NA,NA
28121900,rev_7,2026_rev_9,NA,NA,NA
28139010,rev_7,2026_rev_9,NA,NA,NA
28152000,rev_7,2026_rev_9,NA,NA,NA
28161000,rev_7,2026_rev_9,NA,NA,NA
28164010,rev_7,2026_rev_9,NA,NA,NA
28164020,rev_7,2026_rev_9,NA,NA,NA
28170000,rev_7,2026_rev_9,NA,NA,NA
28181010,rev_7,2026_rev_9,NA,NA,NA
28181020,rev_7,2026_rev_9,NA,NA,NA
28182000,rev_7,2026_rev_9,NA,NA,NA
28183000,rev_7,rev_21,NA,rev_22,2025-09-07
28201000,rev_7,2026_rev_9,NA,NA,NA
28211000,rev_7,2026_rev_9,NA,NA,NA
28212000,rev_7,2026_rev_9,NA,NA,NA
28220000,rev_7,2026_rev_9,NA,NA,NA
28230000,rev_7,2026_rev_9,NA,NA,NA
28252000,rev_7,2026_rev_9,NA,NA,NA
28254000,rev_22,2026_rev_9,2025-09-08,NA,NA
28255030,rev_7,2026_rev_9,NA,NA,NA
28256000,rev_7,2026_rev_9,NA,NA,NA
28258000,rev_7,2026_rev_9,NA,NA,NA
28259015,rev_7,2026_rev_9,NA,NA,NA
28259030,rev_7,2026_rev_9,NA,NA,NA
28259090,rev_7,2026_rev_9,NA,NA,NA
28261200,rev_7,2026_rev_9,NA,NA,NA
28263000,rev_7,2026_rev_9,NA,NA,NA
28269090,rev_7,2026_rev_9,NA,NA,NA
28273100,rev_7,2026_rev_9,NA,NA,NA
28273945,rev_7,2026_rev_9,NA,NA,NA
28273960,rev_7,2026_rev_9,NA,NA,NA
28273990,rev_7,2026_rev_9,NA,NA,NA
28274100,rev_7,2026_rev_9,NA,NA,NA
28274950,rev_7,2026_rev_9,NA,NA,NA
28275951,rev_7,2026_rev_9,NA,NA,NA
28276010,rev_7,2026_rev_9,NA,NA,NA
28276051,rev_7,2026_rev_9,NA,NA,NA
28332100,rev_7,2026_rev_9,NA,NA,NA
28332400,rev_22,2026_rev_9,2025-09-08,NA,NA
28332500,rev_7,2026_rev_9,NA,NA,NA
28332700,rev_7,2026_rev_9,NA,NA,NA
28332910,rev_7,2026_rev_9,NA,NA,NA
28332945,rev_7,2026_rev_9,NA,NA,NA
28332951,rev_7,2026_rev_9,NA,NA,NA
28342100,rev_7,2026_rev_9,NA,NA,NA
28342920,rev_7,2026_rev_9,NA,NA,NA
28342951,rev_7,2026_rev_9,NA,NA,NA
28366000,rev_7,2026_rev_9,NA,NA,NA
28369100,rev_7,2026_rev_9,NA,NA,NA
28369200,rev_7,2026_rev_9,NA,NA,NA
28369910,rev_7,2026_rev_9,NA,NA,NA
28369950,rev_7,2026_rev_9,NA,NA,NA
28418000,rev_7,2026_rev_9,NA,NA,NA
28419020,rev_7,2026_rev_9,NA,NA,NA
28419040,rev_7,2026_rev_9,NA,NA,NA
28432901,rev_7,2026_rev_9,NA,NA,NA
28433000,rev_7,2026_rev_9,NA,NA,NA
28439000,rev_7,2026_rev_9,NA,NA,NA
28441010,rev_7,2026_rev_9,NA,NA,NA
28441020,rev_7,2026_rev_9,NA,NA,NA
28442000,rev_7,2026_rev_9,NA,NA,NA
28443020,rev_7,2026_rev_9,NA,NA,NA
28443050,rev_7,2026_rev_9,NA,NA,NA
28444300,rev_7,2026_rev_9,NA,NA,NA
28459001,rev_7,2026_rev_9,NA,NA,NA
28461000,rev_7,2026_rev_9,NA,NA,NA
28469020,rev_7,2026_rev_9,NA,NA,NA
28469040,rev_7,2026_rev_9,NA,NA,NA
28469080,rev_7,2026_rev_9,NA,NA,NA
28492010,rev_7,2026_rev_9,NA,NA,NA
28492020,rev_7,2026_rev_9,NA,NA,NA
28499030,rev_7,2026_rev_9,NA,NA,NA
28539010,rev_7,2026_rev_9,NA,NA,NA
28539090,rev_7,2026_rev_9,NA,NA,NA
29034510,rev_7,2026_rev_9,NA,NA,NA
29035110,rev_22,2026_rev_9,2025-09-08,NA,NA
29035990,rev_7,2026_rev_9,NA,NA,NA
29036990,rev_7,2026_rev_9,NA,NA,NA
29037800,rev_7,2026_rev_9,NA,NA,NA
29037990,rev_7,2026_rev_9,NA,NA,NA
29038915,rev_7,2026_rev_9,NA,NA,NA
29038920,rev_7,2026_rev_9,NA,NA,NA
29038970,rev_7,2026_rev_9,NA,NA,NA
29039200,rev_7,2026_rev_9,NA,NA,NA
29049940,rev_7,2026_rev_9,NA,NA,NA
29052990,rev_7,2026_rev_9,NA,NA,NA
29053990,rev_7,2026_rev_9,NA,NA,NA
29055910,rev_7,2026_rev_9,NA,NA,NA
29055990,rev_7,2026_rev_9,NA,NA,NA
29061950,rev_7,2026_rev_9,NA,NA,NA
29062960,rev_7,2026_rev_9,NA,NA,NA
29072990,rev_7,2026_rev_9,NA,NA,NA
29081960,rev_7,2026_rev_9,NA,NA,NA
29091918,rev_7,2026_rev_9,NA,NA,NA
29092000,rev_7,2026_rev_9,NA,NA,NA
29093060,rev_7,2026_rev_9,NA,NA,NA
29094910,rev_7,2026_rev_9,NA,NA,NA
29094915,rev_7,2026_rev_9,NA,NA,NA
29094920,rev_7,2026_rev_9,NA,NA,NA
29094960,rev_7,2026_rev_9,NA,NA,NA
29095040,rev_7,2026_rev_9,NA,NA,NA
29095045,rev_7,2026_rev_9,NA,NA,NA
29095050,rev_7,2026_rev_9,NA,NA,NA
29121950,rev_7,2026_rev_9,NA,NA,NA
29124926,rev_7,2026_rev_9,NA,NA,NA
29141900,rev_7,2026_rev_9,NA,NA,NA
29144090,rev_7,2026_rev_9,NA,NA,NA
29145030,rev_7,2026_rev_9,NA,NA,NA
29145050,rev_7,2026_rev_9,NA,NA,NA
29146200,rev_7,2026_rev_9,NA,NA,NA
29146921,rev_7,2026_rev_9,NA,NA,NA
29146990,rev_7,2026_rev_9,NA,NA,NA
29147940,rev_7,2026_rev_9,NA,NA,NA
29152930,rev_7,2026_rev_9,NA,NA,NA
29153931,rev_7,2026_rev_9,NA,NA,NA
29153935,rev_7,2026_rev_9,NA,NA,NA
29153947,rev_7,2026_rev_9,NA,NA,NA
29153990,rev_7,2026_rev_9,NA,NA,NA
29159010,rev_7,2026_rev_9,NA,NA,NA
29159014,rev_7,2026_rev_9,NA,NA,NA
29159018,rev_7,2026_rev_9,NA,NA,NA
29159020,rev_7,2026_rev_9,NA,NA,NA
29159050,rev_7,2026_rev_9,NA,NA,NA
29161930,rev_7,2026_rev_9,NA,NA,NA
29161950,rev_7,2026_rev_9,NA,NA,NA
29162050,rev_7,2026_rev_9,NA,NA,NA
29163150,rev_7,2026_rev_9,NA,NA,NA
29163946,rev_7,2026_rev_9,NA,NA,NA
29163979,rev_7,2026_rev_9,NA,NA,NA
29171300,rev_7,2026_rev_9,NA,NA,NA
29171910,rev_7,2026_rev_9,NA,NA,NA
29171970,rev_7,2026_rev_9,NA,NA,NA
29173401,rev_7,2026_rev_9,NA,NA,NA
29173930,rev_7,2026_rev_9,NA,NA,NA
29181151,rev_7,2026_rev_9,NA,NA,NA
29181350,rev_7,2026_rev_9,NA,NA,NA
29181650,rev_7,2026_rev_9,NA,NA,NA
29181960,rev_7,2026_rev_9,NA,NA,NA
29181990,rev_7,2026_rev_9,NA,NA,NA
29182210,rev_7,2026_rev_9,NA,NA,NA
29182250,rev_7,2026_rev_9,NA,NA,NA
29182330,rev_7,2026_rev_9,NA,NA,NA
29182350,rev_7,2026_rev_9,NA,NA,NA
29182920,rev_7,2026_rev_9,NA,NA,NA
29182965,rev_7,2026_rev_9,NA,NA,NA
29182975,rev_7,2026_rev_9,NA,NA,NA
29183025,rev_7,2026_rev_9,NA,NA,NA
29183030,rev_7,2026_rev_9,NA,NA,NA
29183090,rev_7,2026_rev_9,NA,NA,NA
29189930,rev_7,2026_rev_9,NA,NA,NA
29189943,rev_7,2026_rev_9,NA,NA,NA
29189947,rev_7,2026_rev_9,NA,NA,NA
29189950,rev_7,2026_rev_9,NA,NA,NA
29199030,rev_7,2026_rev_9,NA,NA,NA
29199050,rev_7,2026_rev_9,NA,NA,NA
29209051,rev_7,2026_rev_9,NA,NA,NA
29211911,rev_7,2026_rev_9,NA,NA,NA
29211961,rev_7,2026_rev_9,NA,NA,NA
29212900,rev_7,2026_rev_9,NA,NA,NA
29213010,rev_7,2026_rev_9,NA,NA,NA
29213050,rev_7,2026_rev_9,NA,NA,NA
29214290,rev_7,2026_rev_9,NA,NA,NA
29214600,rev_7,2026_rev_9,NA,NA,NA
29214938,rev_7,2026_rev_9,NA,NA,NA
29214943,rev_7,2026_rev_9,NA,NA,NA
29214945,rev_7,2026_rev_9,NA,NA,NA
29214950,rev_7,2026_rev_9,NA,NA,NA
29215980,rev_7,2026_rev_9,NA,NA,NA
29221100,rev_7,2026_rev_9,NA,NA,NA
29221400,rev_7,2026_rev_9,NA,NA,NA
29221909,rev_7,2026_rev_9,NA,NA,NA
29221920,rev_7,2026_rev_9,NA,NA,NA
29221933,rev_7,2026_rev_9,NA,NA,NA
29221960,rev_7,2026_rev_9,NA,NA,NA
29221970,rev_7,2026_rev_9,NA,NA,NA
29221990,rev_7,2026_rev_9,NA,NA,NA
29221996,rev_7,2026_rev_9,NA,NA,NA
29222927,rev_7,2026_rev_9,NA,NA,NA
29222961,rev_7,2026_rev_9,NA,NA,NA
29222981,rev_7,2026_rev_9,NA,NA,NA
29223100,rev_7,2026_rev_9,NA,NA,NA
29223925,rev_7,2026_rev_9,NA,NA,NA
29223945,rev_7,2026_rev_9,NA,NA,NA
29223950,rev_7,2026_rev_9,NA,NA,NA
29224100,rev_7,2026_rev_9,NA,NA,NA
29224250,rev_7,2026_rev_9,NA,NA,NA
29224400,rev_7,2026_rev_9,NA,NA,NA
29224910,rev_7,2026_rev_9,NA,NA,NA
29224926,rev_7,2026_rev_9,NA,NA,NA
29224930,rev_7,2026_rev_9,NA,NA,NA
29224937,rev_7,2026_rev_9,NA,NA,NA
29224949,rev_7,2026_rev_9,NA,NA,NA
29224980,rev_7,2026_rev_9,NA,NA,NA
29225007,rev_7,2026_rev_9,NA,NA,NA
29225010,rev_7,2026_rev_9,NA,NA,NA
29225011,rev_7,2026_rev_9,NA,NA,NA
29225013,rev_7,2026_rev_9,NA,NA,NA
29225014,rev_7,2026_rev_9,NA,NA,NA
29225017,rev_7,2026_rev_9,NA,NA,NA
29225025,rev_7,2026_rev_9,NA,NA,NA
29225035,rev_7,2026_rev_9,NA,NA,NA
29225040,rev_7,2026_rev_9,NA,NA,NA
29225050,rev_7,2026_rev_9,NA,NA,NA
29231000,rev_7,2026_rev_9,NA,NA,NA
29232020,rev_7,2026_rev_9,NA,NA,NA
29239001,rev_7,2026_rev_9,NA,NA,NA
29241100,rev_7,2026_rev_9,NA,NA,NA
29241911,rev_7,2026_rev_9,NA,NA,NA
29241980,rev_7,2026_rev_9,NA,NA,NA
29242116,rev_7,2026_rev_9,NA,NA,NA
29242150,rev_7,2026_rev_9,NA,NA,NA
29242901,rev_22,2026_rev_9,2025-09-08,NA,NA
29242903,rev_22,2026_rev_9,2025-09-08,NA,NA
29242910,rev_7,2026_rev_9,NA,NA,NA
29242923,rev_22,2026_rev_9,2025-09-08,NA,NA
29242926,rev_22,2026_rev_9,2025-09-08,NA,NA
29242928,rev_22,2026_rev_9,2025-09-08,NA,NA
29242933,rev_22,2026_rev_9,2025-09-08,NA,NA
29242957,rev_22,2026_rev_9,2025-09-08,NA,NA
29242962,rev_7,2026_rev_9,NA,NA,NA
29242971,rev_7,2026_rev_9,NA,NA,NA
29242977,rev_7,2026_rev_9,NA,NA,NA
29242980,rev_22,2026_rev_9,2025-09-08,NA,NA
29242995,rev_7,2026_rev_9,NA,NA,NA
29251200,rev_7,2026_rev_9,NA,NA,NA
29251942,rev_7,2026_rev_9,NA,NA,NA
29251991,rev_7,2026_rev_9,NA,NA,NA
29252100,rev_7,2026_rev_9,NA,NA,NA
29252920,rev_7,2026_rev_9,NA,NA,NA
29252960,rev_7,2026_rev_9,NA,NA,NA
29252990,rev_7,2026_rev_9,NA,NA,NA
29263010,rev_7,2026_rev_9,NA,NA,NA
29264000,rev_7,2026_rev_9,NA,NA,NA
29269014,rev_7,2026_rev_9,NA,NA,NA
29269043,rev_7,2026_rev_9,NA,NA,NA
29269048,rev_7,2026_rev_9,NA,NA,NA
29269050,rev_22,2026_rev_9,2025-09-08,NA,NA
29270040,rev_7,2026_rev_9,NA,NA,NA
29270050,rev_7,2026_rev_9,NA,NA,NA
29280025,rev_7,2026_rev_9,NA,NA,NA
29280030,rev_7,2026_rev_9,NA,NA,NA
29280050,rev_7,2026_rev_9,NA,NA,NA
29299020,rev_7,2026_rev_9,NA,NA,NA
29299050,rev_7,2026_rev_9,NA,NA,NA
29302020,rev_7,2026_rev_9,NA,NA,NA
29302090,rev_7,2026_rev_9,NA,NA,NA
29303060,rev_7,2026_rev_9,NA,NA,NA
29309029,rev_7,2026_rev_9,NA,NA,NA
29309049,rev_7,2026_rev_9,NA,NA,NA
29309092,rev_7,2026_rev_9,NA,NA,NA
29314900,rev_7,2026_rev_9,NA,NA,NA
29315300,rev_7,2026_rev_9,NA,NA,NA
29319022,rev_7,2026_rev_9,NA,NA,NA
29319090,rev_7,2026_rev_9,NA,NA,NA
29321400,rev_7,2026_rev_9,NA,NA,NA
29321951,rev_7,2026_rev_9,NA,NA,NA
29322020,rev_7,2026_rev_9,NA,NA,NA
29322030,rev_7,2026_rev_9,NA,NA,NA
29322050,rev_7,2026_rev_9,NA,NA,NA
29329961,rev_7,2026_rev_9,NA,NA,NA
29329970,rev_7,2026_rev_9,NA,NA,NA
29329990,rev_7,2026_rev_9,NA,NA,NA
29331100,rev_7,2026_rev_9,NA,NA,NA
29331935,rev_7,2026_rev_9,NA,NA,NA
29331945,rev_7,2026_rev_9,NA,NA,NA
29331990,rev_7,2026_rev_9,NA,NA,NA
29332100,rev_7,2026_rev_9,NA,NA,NA
29332905,rev_22,2026_rev_9,2025-09-08,NA,NA
29332920,rev_7,2026_rev_9,NA,NA,NA
29332935,rev_7,2026_rev_9,NA,NA,NA
29332943,rev_7,2026_rev_9,NA,NA,NA
29332945,rev_7,2026_rev_9,NA,NA,NA
29332960,rev_22,2026_rev_9,2025-09-08,NA,NA
29332990,rev_7,2026_rev_9,NA,NA,NA
29333301,rev_7,2026_rev_9,NA,NA,NA
29333400,rev_7,2026_rev_9,NA,NA,NA
29333500,rev_7,2026_rev_9,NA,NA,NA
29333700,rev_7,2026_rev_9,NA,NA,NA
29333908,rev_7,2026_rev_9,NA,NA,NA
29333910,rev_7,2026_rev_9,NA,NA,NA
29333920,rev_7,2026_rev_9,NA,NA,NA
29333921,rev_7,2026_rev_9,NA,NA,NA
29333923,rev_7,2026_rev_9,NA,NA,NA
29333925,rev_7,2026_rev_9,NA,NA,NA
29333927,rev_7,2026_rev_9,NA,NA,NA
29333931,rev_7,2026_rev_9,NA,NA,NA
29333941,rev_7,2026_rev_9,NA,NA,NA
29333961,rev_7,2026_rev_9,NA,NA,NA
29333992,rev_7,2026_rev_9,NA,NA,NA
29334100,rev_7,2026_rev_9,NA,NA,NA
29334908,rev_7,2026_rev_9,NA,NA,NA
29334910,rev_7,2026_rev_9,NA,NA,NA
29334915,rev_7,2026_rev_9,NA,NA,NA
29334917,rev_7,2026_rev_9,NA,NA,NA
29334920,rev_7,2026_rev_9,NA,NA,NA
29334926,rev_7,2026_rev_9,NA,NA,NA
29334930,rev_7,2026_rev_9,NA,NA,NA
29334960,rev_7,2026_rev_9,NA,NA,NA
29334970,rev_7,2026_rev_9,NA,NA,NA
29335210,rev_7,2026_rev_9,NA,NA,NA
29335290,rev_7,2026_rev_9,NA,NA,NA
29335300,rev_7,2026_rev_9,NA,NA,NA
29335400,rev_7,2026_rev_9,NA,NA,NA
29335910,rev_7,2026_rev_9,NA,NA,NA
29335915,rev_7,2026_rev_9,NA,NA,NA
29335918,rev_7,2026_rev_9,NA,NA,NA
29335921,rev_7,2026_rev_9,NA,NA,NA
29335922,rev_7,2026_rev_9,NA,NA,NA
29335936,rev_7,2026_rev_9,NA,NA,NA
29335946,rev_7,2026_rev_9,NA,NA,NA
29335953,rev_7,2026_rev_9,NA,NA,NA
29335959,rev_7,2026_rev_9,NA,NA,NA
29335970,rev_7,2026_rev_9,NA,NA,NA
29335980,rev_7,2026_rev_9,NA,NA,NA
29335985,rev_7,2026_rev_9,NA,NA,NA
29335995,rev_7,2026_rev_9,NA,NA,NA
29336960,rev_7,2026_rev_9,NA,NA,NA
29337200,rev_7,2026_rev_9,NA,NA,NA
29337908,rev_7,2026_rev_9,NA,NA,NA
29337915,rev_7,2026_rev_9,NA,NA,NA
29337985,rev_7,2026_rev_9,NA,NA,NA
29339100,rev_7,2026_rev_9,NA,NA,NA
29339901,rev_7,2026_rev_9,NA,NA,NA
29339902,rev_7,2026_rev_9,NA,NA,NA
29339905,rev_7,2026_rev_9,NA,NA,NA
29339906,rev_7,2026_rev_9,NA,NA,NA
29339908,rev_7,2026_rev_9,NA,NA,NA
29339911,rev_7,2026_rev_9,NA,NA,NA
29339912,rev_7,2026_rev_9,NA,NA,NA
29339916,rev_7,2026_rev_9,NA,NA,NA
29339917,rev_7,2026_rev_9,NA,NA,NA
29339922,rev_7,2026_rev_9,NA,NA,NA
29339924,rev_7,2026_rev_9,NA,NA,NA
29339926,rev_7,2026_rev_9,NA,NA,NA
29339942,rev_7,2026_rev_9,NA,NA,NA
29339946,rev_7,2026_rev_9,NA,NA,NA
29339951,rev_7,2026_rev_9,NA,NA,NA
29339953,rev_7,2026_rev_9,NA,NA,NA
29339955,rev_7,2026_rev_9,NA,NA,NA
29339958,rev_7,2026_rev_9,NA,NA,NA
29339961,rev_7,2026_rev_9,NA,NA,NA
29339965,rev_7,2026_rev_9,NA,NA,NA
29339970,rev_7,2026_rev_9,NA,NA,NA
29339975,rev_7,2026_rev_9,NA,NA,NA
29339979,rev_7,2026_rev_9,NA,NA,NA
29339982,rev_7,2026_rev_9,NA,NA,NA
29339985,rev_7,2026_rev_9,NA,NA,NA
29339989,rev_7,2026_rev_9,NA,NA,NA
29339990,rev_7,2026_rev_9,NA,NA,NA
29339997,rev_7,2026_rev_9,NA,NA,NA
29341010,rev_7,2026_rev_9,NA,NA,NA
29341020,rev_7,2026_rev_9,NA,NA,NA
29341090,rev_7,2026_rev_9,NA,NA,NA
29342040,rev_7,2026_rev_9,NA,NA,NA
29342080,rev_7,2026_rev_9,NA,NA,NA
29343023,rev_7,2026_rev_9,NA,NA,NA
29343027,rev_7,2026_rev_9,NA,NA,NA
29343043,rev_7,2026_rev_9,NA,NA,NA
29343050,rev_7,2026_rev_9,NA,NA,NA
29349100,rev_7,2026_rev_9,NA,NA,NA
29349200,rev_7,2026_rev_9,NA,NA,NA
29349901,rev_7,2026_rev_9,NA,NA,NA
29349903,rev_7,2026_rev_9,NA,NA,NA
29349905,rev_7,2026_rev_9,NA,NA,NA
29349906,rev_7,2026_rev_9,NA,NA,NA
29349907,rev_7,2026_rev_9,NA,NA,NA
29349908,rev_7,2026_rev_9,NA,NA,NA
29349909,rev_7,2026_rev_9,NA,NA,NA
29349911,rev_7,2026_rev_9,NA,NA,NA
29349912,rev_7,2026_rev_9,NA,NA,NA
29349915,rev_7,2026_rev_9,NA,NA,NA
29349916,rev_7,2026_rev_9,NA,NA,NA
29349918,rev_7,2026_rev_9,NA,NA,NA
29349920,rev_7,2026_rev_9,NA,NA,NA
29349930,rev_7,2026_rev_9,NA,NA,NA
29349939,rev_7,2026_rev_9,NA,NA,NA
29349944,rev_7,2026_rev_9,NA,NA,NA
29349947,rev_7,2026_rev_9,NA,NA,NA
29349970,rev_7,2026_rev_9,NA,NA,NA
29349990,rev_7,2026_rev_9,NA,NA,NA
29355000,rev_7,2026_rev_9,NA,NA,NA
29359006,rev_7,2026_rev_9,NA,NA,NA
29359010,rev_7,2026_rev_9,NA,NA,NA
29359013,rev_7,2026_rev_9,NA,NA,NA
29359015,rev_7,2026_rev_9,NA,NA,NA
29359020,rev_7,2026_rev_9,NA,NA,NA
29359030,rev_7,2026_rev_9,NA,NA,NA
29359032,rev_7,2026_rev_9,NA,NA,NA
29359033,rev_7,2026_rev_9,NA,NA,NA
29359042,rev_7,2026_rev_9,NA,NA,NA
29359048,rev_7,2026_rev_9,NA,NA,NA
29359060,rev_7,2026_rev_9,NA,NA,NA
29359075,rev_7,2026_rev_9,NA,NA,NA
29359095,rev_7,2026_rev_9,NA,NA,NA
29362100,rev_7,2026_rev_9,NA,NA,NA
29362200,rev_7,2026_rev_9,NA,NA,NA
29362300,rev_7,2026_rev_9,NA,NA,NA
29362401,rev_7,2026_rev_9,NA,NA,NA
29362500,rev_7,2026_rev_9,NA,NA,NA
29362600,rev_7,2026_rev_9,NA,NA,NA
29362700,rev_7,2026_rev_9,NA,NA,NA
29362800,rev_7,2026_rev_9,NA,NA,NA
29362910,rev_7,2026_rev_9,NA,NA,NA
29362916,rev_7,2026_rev_9,NA,NA,NA
29362920,rev_7,2026_rev_9,NA,NA,NA
29362950,rev_7,2026_rev_9,NA,NA,NA
29369001,rev_7,2026_rev_9,NA,NA,NA
29371100,rev_7,2026_rev_9,NA,NA,NA
29371200,rev_7,2026_rev_9,NA,NA,NA
29371900,rev_7,2026_rev_9,NA,NA,NA
29372100,rev_7,2026_rev_9,NA,NA,NA
29372200,rev_7,2026_rev_9,NA,NA,NA
29372310,rev_7,2026_rev_9,NA,NA,NA
29372325,rev_7,2026_rev_9,NA,NA,NA
29372350,rev_7,2026_rev_9,NA,NA,NA
29372910,rev_7,2026_rev_9,NA,NA,NA
29372990,rev_7,2026_rev_9,NA,NA,NA
29375000,rev_7,2026_rev_9,NA,NA,NA
29379005,rev_7,2026_rev_9,NA,NA,NA
29379010,rev_7,2026_rev_9,NA,NA,NA
29379020,rev_7,2026_rev_9,NA,NA,NA
29379040,rev_7,2026_rev_9,NA,NA,NA
29379045,rev_7,2026_rev_9,NA,NA,NA
29379090,rev_7,2026_rev_9,NA,NA,NA
29381000,rev_7,2026_rev_9,NA,NA,NA
29389000,rev_7,2026_rev_9,NA,NA,NA
29391100,rev_7,2026_rev_9,NA,NA,NA
29391910,rev_7,2026_rev_9,NA,NA,NA
29391920,rev_7,2026_rev_9,NA,NA,NA
29391950,rev_7,2026_rev_9,NA,NA,NA
29392000,rev_7,2026_rev_9,NA,NA,NA
29393000,rev_7,2026_rev_9,NA,NA,NA
29394100,rev_7,2026_rev_9,NA,NA,NA
29394200,rev_7,2026_rev_9,NA,NA,NA
29394400,rev_7,2026_rev_9,NA,NA,NA
29394500,rev_7,2026_rev_9,NA,NA,NA
29394903,rev_7,2026_rev_9,NA,NA,NA
29395900,rev_7,2026_rev_9,NA,NA,NA
29396200,rev_7,2026_rev_9,NA,NA,NA
29396300,rev_7,2026_rev_9,NA,NA,NA
29396900,rev_7,2026_rev_9,NA,NA,NA
29397200,rev_7,2026_rev_9,NA,NA,NA
29397900,rev_7,2026_rev_9,NA,NA,NA
29398000,rev_7,2026_rev_9,NA,NA,NA
29400060,rev_7,2026_rev_9,NA,NA,NA
29411010,rev_7,2026_rev_9,NA,NA,NA
29411020,rev_7,2026_rev_9,NA,NA,NA
29411030,rev_7,2026_rev_9,NA,NA,NA
29411050,rev_7,2026_rev_9,NA,NA,NA
29412010,rev_7,2026_rev_9,NA,NA,NA
29412050,rev_7,2026_rev_9,NA,NA,NA
29413000,rev_7,2026_rev_9,NA,NA,NA
29414000,rev_7,2026_rev_9,NA,NA,NA
29415000,rev_7,2026_rev_9,NA,NA,NA
29419010,rev_7,2026_rev_9,NA,NA,NA
29419030,rev_7,2026_rev_9,NA,NA,NA
29419050,rev_7,2026_rev_9,NA,NA,NA
29420005,rev_7,2026_rev_9,NA,NA,NA
29420035,rev_7,2026_rev_9,NA,NA,NA
29420050,rev_7,2026_rev_9,NA,NA,NA
30012000,rev_7,2026_rev_9,NA,NA,NA
30019001,rev_7,2026_rev_9,NA,NA,NA
30021200,rev_7,2026_rev_9,NA,NA,NA
30021300,rev_7,2026_rev_9,NA,NA,NA
30021400,rev_7,2026_rev_9,NA,NA,NA
30021500,rev_7,2026_rev_9,NA,NA,NA
30024100,rev_7,2026_rev_9,NA,NA,NA
30024200,rev_7,2026_rev_9,NA,NA,NA
30024900,rev_7,2026_rev_9,NA,NA,NA
30025100,rev_7,2026_rev_9,NA,NA,NA
30025900,rev_7,2026_rev_9,NA,NA,NA
30029010,rev_7,2026_rev_9,NA,NA,NA
30029052,rev_7,2026_rev_9,NA,NA,NA
30031000,rev_7,2026_rev_9,NA,NA,NA
30032000,rev_7,2026_rev_9,NA,NA,NA
30033910,rev_7,2026_rev_9,NA,NA,NA
30033950,rev_7,2026_rev_9,NA,NA,NA
30034100,rev_7,2026_rev_9,NA,NA,NA
30034200,rev_7,2026_rev_9,NA,NA,NA
30034900,rev_7,2026_rev_9,NA,NA,NA
30039001,rev_7,2026_rev_9,NA,NA,NA
30041010,rev_7,2026_rev_9,NA,NA,NA
30041050,rev_7,2026_rev_9,NA,NA,NA
30042000,rev_7,2026_rev_9,NA,NA,NA
30043100,rev_7,2026_rev_9,NA,NA,NA
30043200,rev_7,2026_rev_9,NA,NA,NA
30043900,rev_7,2026_rev_9,NA,NA,NA
30044100,rev_7,2026_rev_9,NA,NA,NA
30044200,rev_7,2026_rev_9,NA,NA,NA
30044900,rev_7,2026_rev_9,NA,NA,NA
30045010,rev_7,2026_rev_9,NA,NA,NA
30045020,rev_7,2026_rev_9,NA,NA,NA
30045030,rev_7,2026_rev_9,NA,NA,NA
30045040,rev_7,2026_rev_9,NA,NA,NA
30045050,rev_7,2026_rev_9,NA,NA,NA
30046000,rev_7,2026_rev_9,NA,NA,NA
30049010,rev_7,2026_rev_9,NA,NA,NA
30049092,rev_7,2026_rev_9,NA,NA,NA
30063010,rev_7,2026_rev_9,NA,NA,NA
30063050,rev_7,2026_rev_9,NA,NA,NA
30066000,rev_7,2026_rev_9,NA,NA,NA
30067000,rev_7,2026_rev_9,NA,NA,NA
30069310,rev_7,2026_rev_9,NA,NA,NA
30069320,rev_7,2026_rev_9,NA,NA,NA
30069350,rev_7,2026_rev_9,NA,NA,NA
30069360,rev_7,2026_rev_9,NA,NA,NA
30069380,rev_7,2026_rev_9,NA,NA,NA
31010000,rev_29,2026_rev_9,2025-11-13,NA,NA
31021000,rev_29,2026_rev_9,2025-11-13,NA,NA
31022100,rev_29,2026_rev_9,2025-11-13,NA,NA
31022900,rev_29,2026_rev_9,2025-11-13,NA,NA
31023000,rev_29,2026_rev_9,2025-11-13,NA,NA
31024000,rev_29,2026_rev_9,2025-11-13,NA,NA
31025000,rev_29,2026_rev_9,2025-11-13,NA,NA
31026000,rev_29,2026_rev_9,2025-11-13,NA,NA
31028000,rev_29,2026_rev_9,2025-11-13,NA,NA
31029001,rev_29,2026_rev_9,2025-11-13,NA,NA
31031100,rev_29,2026_rev_9,2025-11-13,NA,NA
31031900,rev_29,2026_rev_9,2025-11-13,NA,NA
31039001,rev_29,2026_rev_9,2025-11-13,NA,NA
31042000,rev_7,2026_rev_9,NA,NA,NA
31043000,rev_7,2026_rev_9,NA,NA,NA
31049001,rev_7,2026_rev_9,NA,NA,NA
31051000,rev_7,2026_rev_9,NA,NA,NA
31052000,rev_7,2026_rev_9,NA,NA,NA
31053000,rev_29,2026_rev_9,2025-11-13,NA,NA
31054000,rev_29,2026_rev_9,2025-11-13,NA,NA
31055100,rev_29,2026_rev_9,2025-11-13,NA,NA
31055900,rev_29,2026_rev_9,2025-11-13,NA,NA
31056000,rev_7,2026_rev_9,NA,NA,NA
31059000,rev_29,2026_rev_9,2025-11-13,NA,NA
32030080,rev_7,2026_rev_9,NA,NA,NA
32041380,rev_7,2026_rev_9,NA,NA,NA
32041720,rev_7,2026_rev_9,NA,NA,NA
32041800,rev_7,2026_rev_9,NA,NA,NA
32061100,rev_7,2026_rev_9,NA,NA,NA
32061900,rev_7,2026_rev_9,NA,NA,NA
34024210,rev_7,2026_rev_9,NA,NA,NA
34024220,rev_7,2026_rev_9,NA,NA,NA
34024290,rev_7,2026_rev_9,NA,NA,NA
36069030,rev_7,2026_rev_9,NA,NA,NA
38089410,rev_7,2026_rev_9,NA,NA,NA
38089450,rev_7,2026_rev_9,NA,NA,NA
38180000,rev_7,2026_rev_9,NA,NA,NA
38249100,rev_7,2026_rev_9,NA,NA,NA
38249929,rev_7,2026_rev_9,NA,NA,NA
38249949,rev_7,2026_rev_9,NA,NA,NA
38249955,rev_7,2026_rev_9,NA,NA,NA
38249993,rev_7,rev_21,NA,rev_22,2025-09-07
39019090,rev_7,2026_rev_9,NA,NA,NA
39029000,rev_7,2026_rev_9,NA,NA,NA
39046100,rev_7,2026_rev_9,NA,NA,NA
39059110,rev_7,2026_rev_9,NA,NA,NA
39059980,rev_7,2026_rev_9,NA,NA,NA
39069050,rev_7,2026_rev_9,NA,NA,NA
39071000,rev_7,2026_rev_9,NA,NA,NA
39072100,rev_7,2026_rev_9,NA,NA,NA
39072900,rev_7,rev_21,NA,rev_22,2025-09-07
39073000,rev_7,rev_21,NA,rev_22,2025-09-07
39076100,rev_7,rev_21,NA,rev_22,2025-09-07
39076900,rev_7,rev_21,NA,rev_22,2025-09-07
39077000,rev_7,2026_rev_9,NA,NA,NA
39079950,rev_7,rev_21,NA,rev_22,2025-09-07
39081000,rev_7,2026_rev_9,NA,NA,NA
39100000,rev_7,rev_21,NA,rev_22,2025-09-07
39119025,rev_7,2026_rev_9,NA,NA,NA
39119091,rev_7,2026_rev_9,NA,NA,NA
39123100,rev_7,2026_rev_9,NA,NA,NA
39123900,rev_7,2026_rev_9,NA,NA,NA
39129000,rev_7,2026_rev_9,NA,NA,NA
39139020,rev_7,2026_rev_9,NA,NA,NA
39139050,rev_7,2026_rev_9,NA,NA,NA
39140060,rev_7,2026_rev_9,NA,NA,NA
40011000,rev_7,2026_rev_9,NA,NA,NA
40012100,rev_7,2026_rev_9,NA,NA,NA
40012200,rev_7,2026_rev_9,NA,NA,NA
40012900,rev_7,2026_rev_9,NA,NA,NA
40013000,rev_7,2026_rev_9,NA,NA,NA
44011100,rev_7,rev_24,NA,rev_25,2025-10-13
44011200,rev_7,rev_24,NA,rev_25,2025-10-13
44012100,rev_7,rev_24,NA,rev_25,2025-10-13
44012200,rev_7,rev_24,NA,rev_25,2025-10-13
44013100,rev_7,rev_24,NA,rev_25,2025-10-13
44013200,rev_7,rev_24,NA,rev_25,2025-10-13
44013942,rev_7,rev_24,NA,rev_25,2025-10-13
44014100,rev_7,rev_24,NA,rev_25,2025-10-13
44014900,rev_7,rev_24,NA,rev_25,2025-10-13
44021000,rev_7,rev_24,NA,rev_25,2025-10-13
44022000,rev_7,rev_24,NA,rev_25,2025-10-13
44029001,rev_7,rev_24,NA,rev_25,2025-10-13
44031100,rev_7,rev_24,NA,rev_25,2025-10-13
44031200,rev_7,rev_24,NA,rev_25,2025-10-13
44032101,rev_7,rev_24,NA,rev_25,2025-10-13
44032201,rev_7,rev_24,NA,rev_25,2025-10-13
44032301,rev_7,rev_24,NA,rev_25,2025-10-13
44032401,rev_7,rev_24,NA,rev_25,2025-10-13
44032501,rev_7,rev_24,NA,rev_25,2025-10-13
44032601,rev_7,rev_24,NA,rev_25,2025-10-13
44034200,rev_7,2026_rev_9,NA,NA,NA
44034902,rev_7,2026_rev_9,NA,NA,NA
44039100,rev_7,rev_24,NA,rev_25,2025-10-13
44039301,rev_7,rev_24,NA,rev_25,2025-10-13
44039401,rev_7,rev_24,NA,rev_25,2025-10-13
44039501,rev_7,rev_24,NA,rev_25,2025-10-13
44039601,rev_7,rev_24,NA,rev_25,2025-10-13
44039700,rev_7,rev_24,NA,rev_25,2025-10-13
44039800,rev_7,rev_24,NA,rev_25,2025-10-13
44039901,rev_7,rev_24,NA,rev_25,2025-10-13
44041000,rev_7,rev_24,NA,rev_25,2025-10-13
44042000,rev_7,rev_24,NA,rev_25,2025-10-13
44050000,rev_7,rev_24,NA,rev_25,2025-10-13
44061100,rev_7,rev_24,NA,rev_25,2025-10-13
44061200,rev_7,rev_24,NA,rev_25,2025-10-13
44069100,rev_7,rev_24,NA,rev_25,2025-10-13
44069200,rev_7,rev_24,NA,rev_25,2025-10-13
44071100,rev_7,rev_24,NA,rev_25,2025-10-13
44071200,rev_7,rev_24,NA,rev_25,2025-10-13
44071300,rev_7,rev_24,NA,rev_25,2025-10-13
44071400,rev_7,rev_24,NA,rev_25,2025-10-13
44071900,rev_7,rev_24,NA,rev_25,2025-10-13
44072100,rev_7,2026_rev_9,NA,NA,NA
44072200,rev_7,2026_rev_9,NA,NA,NA
44072301,rev_7,2026_rev_9,NA,NA,NA
44072500,rev_7,2026_rev_9,NA,NA,NA
44072600,rev_7,2026_rev_9,NA,NA,NA
44072700,rev_7,2026_rev_9,NA,NA,NA
44072800,rev_7,2026_rev_9,NA,NA,NA
44072902,rev_7,2026_rev_9,NA,NA,NA
44079100,rev_7,rev_24,NA,rev_25,2025-10-13
44079200,rev_7,rev_24,NA,rev_25,2025-10-13
44079300,rev_7,rev_24,NA,rev_25,2025-10-13
44079400,rev_7,rev_24,NA,rev_25,2025-10-13
44079500,rev_7,rev_24,NA,rev_25,2025-10-13
44079600,rev_7,rev_24,NA,rev_25,2025-10-13
44079700,rev_7,rev_24,NA,rev_25,2025-10-13
44079902,rev_7,rev_24,NA,rev_25,2025-10-13
44081001,rev_7,rev_24,NA,rev_25,2025-10-13
44083101,rev_7,2026_rev_9,NA,NA,NA
44083902,rev_7,2026_rev_9,NA,NA,NA
44089001,rev_7,rev_24,NA,rev_25,2025-10-13
44091005,rev_7,rev_24,NA,rev_25,2025-10-13
44091010,rev_7,rev_24,NA,rev_25,2025-10-13
44091020,rev_7,rev_24,NA,rev_25,2025-10-13
44091040,rev_7,rev_24,NA,rev_25,2025-10-13
44091045,rev_7,rev_24,NA,rev_25,2025-10-13
44091050,rev_7,rev_24,NA,rev_25,2025-10-13
44091060,rev_7,rev_24,NA,rev_25,2025-10-13
44091065,rev_7,rev_24,NA,rev_25,2025-10-13
44091090,rev_7,rev_24,NA,rev_25,2025-10-13
44092105,rev_7,rev_24,NA,rev_25,2025-10-13
44092190,rev_7,rev_24,NA,rev_25,2025-10-13
44092205,rev_7,rev_24,NA,rev_25,2025-10-13
44092210,rev_7,rev_24,NA,rev_25,2025-10-13
44092225,rev_7,rev_24,NA,rev_25,2025-10-13
44092240,rev_7,rev_24,NA,rev_25,2025-10-13
44092250,rev_7,rev_24,NA,rev_25,2025-10-13
44092260,rev_7,rev_24,NA,rev_25,2025-10-13
44092265,rev_7,rev_24,NA,rev_25,2025-10-13
44092290,rev_7,rev_24,NA,rev_25,2025-10-13
44092906,rev_7,rev_24,NA,rev_25,2025-10-13
44092911,rev_7,rev_24,NA,rev_25,2025-10-13
44092926,rev_7,rev_24,NA,rev_25,2025-10-13
44092941,rev_7,rev_24,NA,rev_25,2025-10-13
44092951,rev_7,rev_24,NA,rev_25,2025-10-13
44092961,rev_7,rev_24,NA,rev_25,2025-10-13
44092966,rev_7,rev_24,NA,rev_25,2025-10-13
44092991,rev_7,rev_24,NA,rev_25,2025-10-13
44101100,rev_7,rev_24,NA,rev_25,2025-10-13
44101200,rev_7,rev_24,NA,rev_25,2025-10-13
44101900,rev_7,rev_24,NA,rev_25,2025-10-13
44109000,rev_7,rev_24,NA,rev_25,2025-10-13
44111210,rev_7,rev_24,NA,rev_25,2025-10-13
44111220,rev_7,rev_24,NA,rev_25,2025-10-13
44111230,rev_7,rev_24,NA,rev_25,2025-10-13
44111260,rev_7,rev_24,NA,rev_25,2025-10-13
44111290,rev_7,rev_24,NA,rev_25,2025-10-13
44111310,rev_7,rev_24,NA,rev_25,2025-10-13
44111320,rev_7,rev_24,NA,rev_25,2025-10-13
44111330,rev_7,rev_24,NA,rev_25,2025-10-13
44111360,rev_7,rev_24,NA,rev_25,2025-10-13
44111390,rev_7,rev_24,NA,rev_25,2025-10-13
44111410,rev_7,rev_24,NA,rev_25,2025-10-13
44111420,rev_7,rev_24,NA,rev_25,2025-10-13
44111430,rev_7,rev_24,NA,rev_25,2025-10-13
44111460,rev_7,rev_24,NA,rev_25,2025-10-13
44111490,rev_7,rev_24,NA,rev_25,2025-10-13
44119210,rev_7,rev_24,NA,rev_25,2025-10-13
44119220,rev_7,rev_24,NA,rev_25,2025-10-13
44119230,rev_7,rev_24,NA,rev_25,2025-10-13
44119240,rev_7,rev_24,NA,rev_25,2025-10-13
44119310,rev_7,rev_24,NA,rev_25,2025-10-13
44119320,rev_7,rev_24,NA,rev_25,2025-10-13
44119330,rev_7,rev_24,NA,rev_25,2025-10-13
44119360,rev_7,rev_24,NA,rev_25,2025-10-13
44119390,rev_7,rev_24,NA,rev_25,2025-10-13
44119400,rev_7,rev_24,NA,rev_25,2025-10-13
44121005,rev_7,rev_24,NA,rev_25,2025-10-13
44121090,rev_7,rev_24,NA,rev_25,2025-10-13
44123106,rev_7,rev_24,NA,rev_25,2025-10-13
44123126,rev_7,rev_24,NA,rev_25,2025-10-13
44123142,rev_7,rev_24,NA,rev_25,2025-10-13
44123145,rev_7,rev_24,NA,rev_25,2025-10-13
44123148,rev_7,rev_24,NA,rev_25,2025-10-13
44123152,rev_7,rev_24,NA,rev_25,2025-10-13
44123161,rev_7,rev_24,NA,rev_25,2025-10-13
44123192,rev_7,rev_24,NA,rev_25,2025-10-13
44123306,rev_7,rev_24,NA,rev_25,2025-10-13
44123326,rev_7,rev_24,NA,rev_25,2025-10-13
44123332,rev_7,rev_24,NA,rev_25,2025-10-13
44123357,rev_7,rev_24,NA,rev_25,2025-10-13
44123426,rev_7,rev_24,NA,rev_25,2025-10-13
44123432,rev_7,rev_24,NA,rev_25,2025-10-13
44123457,rev_7,rev_24,NA,rev_25,2025-10-13
44123910,rev_7,rev_24,NA,rev_25,2025-10-13
44123930,rev_7,rev_24,NA,rev_25,2025-10-13
44123940,rev_7,rev_24,NA,rev_25,2025-10-13
44123950,rev_7,rev_24,NA,rev_25,2025-10-13
44124100,rev_7,rev_24,NA,rev_25,2025-10-13
44124200,rev_7,rev_24,NA,rev_25,2025-10-13
44124900,rev_7,rev_24,NA,rev_25,2025-10-13
44125110,rev_7,rev_24,NA,rev_25,2025-10-13
44125131,rev_7,rev_24,NA,rev_25,2025-10-13
44125141,rev_7,rev_24,NA,rev_25,2025-10-13
44125151,rev_7,rev_24,NA,rev_25,2025-10-13
44125210,rev_7,rev_24,NA,rev_25,2025-10-13
44125231,rev_7,rev_24,NA,rev_25,2025-10-13
44125241,rev_7,rev_24,NA,rev_25,2025-10-13
44125251,rev_7,rev_24,NA,rev_25,2025-10-13
44125980,rev_7,rev_24,NA,rev_25,2025-10-13
44125990,rev_7,rev_24,NA,rev_25,2025-10-13
44125995,rev_7,rev_24,NA,rev_25,2025-10-13
44129106,rev_7,rev_24,NA,rev_25,2025-10-13
44129110,rev_7,rev_24,NA,rev_25,2025-10-13
44129131,rev_7,rev_24,NA,rev_25,2025-10-13
44129141,rev_7,rev_24,NA,rev_25,2025-10-13
44129151,rev_7,rev_24,NA,rev_25,2025-10-13
44129207,rev_7,rev_24,NA,rev_25,2025-10-13
44129211,rev_7,rev_24,NA,rev_25,2025-10-13
44129231,rev_7,rev_24,NA,rev_25,2025-10-13
44129242,rev_7,rev_24,NA,rev_25,2025-10-13
44129252,rev_7,rev_24,NA,rev_25,2025-10-13
44129958,rev_7,rev_24,NA,rev_25,2025-10-13
44129961,rev_7,rev_24,NA,rev_25,2025-10-13
44129971,rev_7,rev_24,NA,rev_25,2025-10-13
44129981,rev_7,rev_24,NA,rev_25,2025-10-13
44129991,rev_7,rev_24,NA,rev_25,2025-10-13
44129997,rev_7,rev_24,NA,rev_25,2025-10-13
44130000,rev_7,rev_24,NA,rev_25,2025-10-13
47031100,rev_22,2026_rev_9,2025-09-08,NA,NA
47032100,rev_22,2026_rev_9,2025-09-08,NA,NA
47032900,rev_22,2026_rev_9,2025-09-08,NA,NA
48202000,rev_7,2026_rev_9,NA,NA,NA
49011000,rev_7,2026_rev_9,NA,NA,NA
49019100,rev_7,2026_rev_9,NA,NA,NA
49019900,rev_7,2026_rev_9,NA,NA,NA
49021000,rev_7,2026_rev_9,NA,NA,NA
49029010,rev_7,2026_rev_9,NA,NA,NA
49029020,rev_7,2026_rev_9,NA,NA,NA
49030000,rev_7,2026_rev_9,NA,NA,NA
49040000,rev_7,2026_rev_9,NA,NA,NA
49052000,rev_7,2026_rev_9,NA,NA,NA
49059020,rev_7,2026_rev_9,NA,NA,NA
49059060,rev_7,2026_rev_9,NA,NA,NA
49060000,rev_7,2026_rev_9,NA,NA,NA
49111000,rev_7,2026_rev_9,NA,NA,NA
49119960,rev_7,2026_rev_9,NA,NA,NA
49119980,rev_7,2026_rev_9,NA,NA,NA
71069110,rev_7,2026_rev_9,NA,NA,NA
71081100,rev_22,2026_rev_9,2025-09-08,NA,NA
71081210,rev_7,2026_rev_9,NA,NA,NA
71081250,rev_22,2026_rev_9,2025-09-08,NA,NA
71081310,rev_22,2026_rev_9,2025-09-08,NA,NA
71081355,rev_22,2026_rev_9,2025-09-08,NA,NA
71081370,rev_22,2026_rev_9,2025-09-08,NA,NA
71082000,rev_22,2026_rev_9,2025-09-08,NA,NA
71101100,rev_7,2026_rev_9,NA,NA,NA
71101900,rev_7,2026_rev_9,NA,NA,NA
71102100,rev_7,2026_rev_9,NA,NA,NA
71102900,rev_7,2026_rev_9,NA,NA,NA
71103100,rev_7,2026_rev_9,NA,NA,NA
71103900,rev_7,2026_rev_9,NA,NA,NA
71104100,rev_7,2026_rev_9,NA,NA,NA
71104900,rev_7,2026_rev_9,NA,NA,NA
71129201,rev_7,2026_rev_9,NA,NA,NA
71159005,rev_22,2026_rev_9,2025-09-08,NA,NA
71159030,rev_22,2026_rev_9,2025-09-08,NA,NA
71189000,rev_7,2026_rev_9,NA,NA,NA
72021110,rev_7,2026_rev_9,NA,NA,NA
72021150,rev_7,2026_rev_9,NA,NA,NA
72021910,rev_7,2026_rev_9,NA,NA,NA
72021950,rev_7,2026_rev_9,NA,NA,NA
72023000,rev_7,2026_rev_9,NA,NA,NA
72024100,rev_7,2026_rev_9,NA,NA,NA
72024910,rev_7,2026_rev_9,NA,NA,NA
72024950,rev_7,2026_rev_9,NA,NA,NA
72025000,rev_7,2026_rev_9,NA,NA,NA
72026000,rev_22,2026_rev_9,2025-09-08,NA,NA
72028000,rev_7,2026_rev_9,NA,NA,NA
72029100,rev_7,2026_rev_9,NA,NA,NA
72029340,rev_7,2026_rev_9,NA,NA,NA
72029380,rev_7,2026_rev_9,NA,NA,NA
72042100,rev_7,2026_rev_9,NA,NA,NA
74010000,rev_7,2026_rev_9,NA,NA,NA
74020000,rev_7,2026_rev_9,NA,NA,NA
74031100,rev_7,2026_rev_9,NA,NA,NA
74031200,rev_7,2026_rev_9,NA,NA,NA
74031300,rev_7,2026_rev_9,NA,NA,NA
74031900,rev_7,2026_rev_9,NA,NA,NA
74032100,rev_7,2026_rev_9,NA,NA,NA
74032200,rev_7,2026_rev_9,NA,NA,NA
74032901,rev_7,2026_rev_9,NA,NA,NA
74040030,rev_7,2026_rev_9,NA,NA,NA
74040060,rev_7,2026_rev_9,NA,NA,NA
74050010,rev_7,2026_rev_9,NA,NA,NA
74050060,rev_7,2026_rev_9,NA,NA,NA
74061000,rev_7,rev_16,NA,rev_17,2025-07-31
74062000,rev_7,rev_16,NA,rev_17,2025-07-31
74071015,rev_7,rev_16,NA,rev_17,2025-07-31
74071030,rev_7,rev_16,NA,rev_17,2025-07-31
74071050,rev_7,rev_16,NA,rev_17,2025-07-31
74072115,rev_7,rev_16,NA,rev_17,2025-07-31
74072130,rev_7,rev_16,NA,rev_17,2025-07-31
74072150,rev_7,rev_16,NA,rev_17,2025-07-31
74072170,rev_7,rev_16,NA,rev_17,2025-07-31
74072190,rev_7,rev_16,NA,rev_17,2025-07-31
74072916,rev_7,rev_16,NA,rev_17,2025-07-31
74072934,rev_7,rev_16,NA,rev_17,2025-07-31
74072938,rev_7,rev_16,NA,rev_17,2025-07-31
74072940,rev_7,rev_16,NA,rev_17,2025-07-31
74072950,rev_7,rev_16,NA,rev_17,2025-07-31
74081130,rev_7,rev_16,NA,rev_17,2025-07-31
74081160,rev_7,rev_16,NA,rev_17,2025-07-31
74081900,rev_7,rev_16,NA,rev_17,2025-07-31
74082100,rev_7,rev_16,NA,rev_17,2025-07-31
74082210,rev_7,rev_16,NA,rev_17,2025-07-31
74082250,rev_7,rev_16,NA,rev_17,2025-07-31
74082910,rev_7,rev_16,NA,rev_17,2025-07-31
74082950,rev_7,rev_16,NA,rev_17,2025-07-31
74091110,rev_7,rev_16,NA,rev_17,2025-07-31
74091150,rev_7,rev_16,NA,rev_17,2025-07-31
74091910,rev_7,rev_16,NA,rev_17,2025-07-31
74091950,rev_7,rev_16,NA,rev_17,2025-07-31
74091990,rev_7,rev_16,NA,rev_17,2025-07-31
74092100,rev_7,rev_16,NA,rev_17,2025-07-31
74092900,rev_7,rev_16,NA,rev_17,2025-07-31
74093110,rev_7,rev_16,NA,rev_17,2025-07-31
74093150,rev_7,rev_16,NA,rev_17,2025-07-31
74093190,rev_7,rev_16,NA,rev_17,2025-07-31
74093910,rev_7,rev_16,NA,rev_17,2025-07-31
74093950,rev_7,rev_16,NA,rev_17,2025-07-31
74093990,rev_7,rev_16,NA,rev_17,2025-07-31
74094000,rev_7,rev_16,NA,rev_17,2025-07-31
74099010,rev_7,rev_16,NA,rev_17,2025-07-31
74099050,rev_7,rev_16,NA,rev_17,2025-07-31
74099090,rev_7,rev_16,NA,rev_17,2025-07-31
74101100,rev_7,rev_16,NA,rev_17,2025-07-31
74101200,rev_7,rev_16,NA,rev_17,2025-07-31
74102130,rev_7,rev_16,NA,rev_17,2025-07-31
74102160,rev_7,rev_16,NA,rev_17,2025-07-31
74102200,rev_7,rev_16,NA,rev_17,2025-07-31
74111010,rev_7,rev_16,NA,rev_17,2025-07-31
74111050,rev_7,rev_16,NA,rev_17,2025-07-31
74112110,rev_7,rev_16,NA,rev_17,2025-07-31
74112150,rev_7,rev_16,NA,rev_17,2025-07-31
74112200,rev_7,rev_16,NA,rev_17,2025-07-31
74112910,rev_7,rev_16,NA,rev_17,2025-07-31
74112950,rev_7,rev_16,NA,rev_17,2025-07-31
74121000,rev_7,rev_16,NA,rev_17,2025-07-31
74122000,rev_7,rev_16,NA,rev_17,2025-07-31
74130010,rev_7,rev_16,NA,rev_17,2025-07-31
74130050,rev_7,rev_16,NA,rev_17,2025-07-31
74130090,rev_7,rev_16,NA,rev_17,2025-07-31
74151000,rev_7,rev_16,NA,rev_17,2025-07-31
74152100,rev_7,rev_16,NA,rev_17,2025-07-31
74152900,rev_7,rev_16,NA,rev_17,2025-07-31
74153305,rev_7,rev_16,NA,rev_17,2025-07-31
74153310,rev_7,rev_16,NA,rev_17,2025-07-31
74153380,rev_7,rev_16,NA,rev_17,2025-07-31
74153900,rev_7,rev_16,NA,rev_17,2025-07-31
74181000,rev_7,rev_16,NA,rev_17,2025-07-31
74182010,rev_7,rev_16,NA,rev_17,2025-07-31
74182050,rev_7,rev_16,NA,rev_17,2025-07-31
74192000,rev_7,rev_16,NA,rev_17,2025-07-31
74198003,rev_7,rev_16,NA,rev_17,2025-07-31
74198006,rev_7,rev_16,NA,rev_17,2025-07-31
74198009,rev_7,rev_16,NA,rev_17,2025-07-31
74198015,rev_7,rev_16,NA,rev_17,2025-07-31
74198016,rev_7,rev_16,NA,rev_17,2025-07-31
74198017,rev_7,rev_16,NA,rev_17,2025-07-31
74198030,rev_7,rev_16,NA,rev_17,2025-07-31
74198050,rev_7,rev_16,NA,rev_17,2025-07-31
75011000,rev_22,2026_rev_9,2025-09-08,NA,NA
75021000,rev_22,2026_rev_9,2025-09-08,NA,NA
75022000,rev_22,2026_rev_9,2025-09-08,NA,NA
75030000,rev_22,2026_rev_9,2025-09-08,NA,NA
75040000,rev_22,2026_rev_9,2025-09-08,NA,NA
75089050,rev_7,2026_rev_9,NA,NA,NA
79011100,rev_7,2026_rev_9,NA,NA,NA
79011210,rev_7,2026_rev_9,NA,NA,NA
79011250,rev_7,2026_rev_9,NA,NA,NA
79012000,rev_7,2026_rev_9,NA,NA,NA
79020000,rev_7,2026_rev_9,NA,NA,NA
79039030,rev_22,2026_rev_9,2025-09-08,NA,NA
79070060,rev_7,2026_rev_9,NA,NA,NA
80011000,rev_7,2026_rev_9,NA,NA,NA
80012000,rev_7,2026_rev_9,NA,NA,NA
80020000,rev_7,2026_rev_9,NA,NA,NA
80070050,rev_7,2026_rev_9,NA,NA,NA
81011000,rev_7,2026_rev_9,NA,NA,NA
81019700,rev_7,2026_rev_9,NA,NA,NA
81032000,rev_7,2026_rev_9,NA,NA,NA
81033000,rev_7,2026_rev_9,NA,NA,NA
81039100,rev_7,2026_rev_9,NA,NA,NA
81039900,rev_7,2026_rev_9,NA,NA,NA
81041100,rev_7,2026_rev_9,NA,NA,NA
81041900,rev_7,2026_rev_9,NA,NA,NA
81042000,rev_7,2026_rev_9,NA,NA,NA
81043000,rev_7,2026_rev_9,NA,NA,NA
81049000,rev_7,2026_rev_9,NA,NA,NA
81052030,rev_7,2026_rev_9,NA,NA,NA
81052060,rev_7,2026_rev_9,NA,NA,NA
81052090,rev_7,2026_rev_9,NA,NA,NA
81053000,rev_7,2026_rev_9,NA,NA,NA
81059000,rev_7,2026_rev_9,NA,NA,NA
81061000,rev_7,2026_rev_9,NA,NA,NA
81069000,rev_7,2026_rev_9,NA,NA,NA
81082000,rev_7,2026_rev_9,NA,NA,NA
81083000,rev_7,2026_rev_9,NA,NA,NA
81089030,rev_7,2026_rev_9,NA,NA,NA
81089060,rev_7,2026_rev_9,NA,NA,NA
81101000,rev_7,2026_rev_9,NA,NA,NA
81102000,rev_7,2026_rev_9,NA,NA,NA
81109000,rev_7,2026_rev_9,NA,NA,NA
81110047,rev_7,2026_rev_9,NA,NA,NA
81110049,rev_7,2026_rev_9,NA,NA,NA
81122100,rev_7,2026_rev_9,NA,NA,NA
81122200,rev_7,2026_rev_9,NA,NA,NA
81122900,rev_7,2026_rev_9,NA,NA,NA
81124110,rev_7,2026_rev_9,NA,NA,NA
81124150,rev_7,2026_rev_9,NA,NA,NA
81124900,rev_7,2026_rev_9,NA,NA,NA
81125900,rev_7,2026_rev_9,NA,NA,NA
81129210,rev_7,2026_rev_9,NA,NA,NA
81129230,rev_7,2026_rev_9,NA,NA,NA
81129240,rev_7,2026_rev_9,NA,NA,NA
81129260,rev_7,2026_rev_9,NA,NA,NA
81129265,rev_7,2026_rev_9,NA,NA,NA
81129910,rev_7,2026_rev_9,NA,NA,NA
81129991,rev_7,2026_rev_9,NA,NA,NA
8471,rev_10,2026_rev_9,2025-04-05,NA,NA
847330,rev_10,2026_rev_9,2025-04-05,NA,NA
8486,rev_10,2026_rev_9,2025-04-05,NA,NA
85051100,rev_22,2026_rev_9,2025-09-08,NA,NA
85171300,rev_10,2026_rev_9,2025-04-05,NA,NA
85176200,rev_10,2026_rev_9,2025-04-05,NA,NA
85235100,rev_10,2026_rev_9,2025-04-05,NA,NA
8524,rev_10,2026_rev_9,2025-04-05,NA,NA
85285200,rev_10,2026_rev_9,2025-04-05,NA,NA
85411000,rev_7,2026_rev_9,NA,NA,NA
85412100,rev_7,2026_rev_9,NA,NA,NA
85412900,rev_7,2026_rev_9,NA,NA,NA
85413000,rev_7,2026_rev_9,NA,NA,NA
85414100,rev_22,2026_rev_9,2025-09-08,NA,NA
85414910,rev_7,2026_rev_9,NA,NA,NA
85414970,rev_7,2026_rev_9,NA,NA,NA
85414980,rev_7,2026_rev_9,NA,NA,NA
85414995,rev_7,2026_rev_9,NA,NA,NA
85415100,rev_7,2026_rev_9,NA,NA,NA
85415900,rev_7,2026_rev_9,NA,NA,NA
85419000,rev_7,2026_rev_9,NA,NA,NA
8542,rev_10,2026_rev_9,2025-04-05,NA,NA
85423100,rev_7,2026_rev_9,NA,NA,NA
85423200,rev_7,2026_rev_9,NA,NA,NA
85423300,rev_7,2026_rev_9,NA,NA,NA
85423900,rev_7,2026_rev_9,NA,NA,NA
85429000,rev_7,2026_rev_9,NA,NA,NA
