hts_prefix,annex,metal_type,source,effective_date
7308200035,1a,aluminum,proclamation,2026-04-06
76101000,1a,aluminum,proclamation,2026-04-06
76109000,1a,aluminum,proclamation,2026-04-06
76121000,1a,aluminum,us_note_16,2026-04-06
7612100000,1a,aluminum,proclamation,2026-04-06
76129010,1a,aluminum,proclamation,2026-04-06
76129050,1a,aluminum,us_note_16,2026-04-06
7612905000,1a,aluminum,proclamation,2026-04-06
76130000,1a,aluminum,us_note_16,2026-04-06
7613000000,1a,aluminum,proclamation,2026-04-06
76141050,1a,aluminum,proclamation,2026-04-06
76149020,1a,aluminum,proclamation,2026-04-06
76149040,1a,aluminum,proclamation,2026-04-06
76149050,1a,aluminum,proclamation,2026-04-06
7616109090,1a,aluminum,proclamation,2026-04-06
7616995120,1a,aluminum,proclamation,2026-04-06
7616995150,1a,aluminum,proclamation,2026-04-06
7616995175,1a,aluminum,proclamation,2026-04-06
7616995190,1a,aluminum,proclamation,2026-04-06
74061000,1a,copper,proclamation,2026-04-06
74062000,1a,copper,proclamation,2026-04-06
74071015,1a,copper,proclamation,2026-04-06
74071030,1a,copper,proclamation,2026-04-06
74071050,1a,copper,proclamation,2026-04-06
74072115,1a,copper,proclamation,2026-04-06
74072130,1a,copper,proclamation,2026-04-06
74072150,1a,copper,proclamation,2026-04-06
74072170,1a,copper,proclamation,2026-04-06
74072190,1a,copper,proclamation,2026-04-06
74072916,1a,copper,proclamation,2026-04-06
74072934,1a,copper,proclamation,2026-04-06
74072938,1a,copper,proclamation,2026-04-06
74072940,1a,copper,proclamation,2026-04-06
74072950,1a,copper,proclamation,2026-04-06
74081130,1a,copper,proclamation,2026-04-06
74081160,1a,copper,proclamation,2026-04-06
74081900,1a,copper,proclamation,2026-04-06
74082100,1a,copper,proclamation,2026-04-06
74082210,1a,copper,proclamation,2026-04-06
74082250,1a,copper,proclamation,2026-04-06
74082910,1a,copper,proclamation,2026-04-06
74082950,1a,copper,proclamation,2026-04-06
74091110,1a,copper,proclamation,2026-04-06
74091150,1a,copper,proclamation,2026-04-06
74091910,1a,copper,proclamation,2026-04-06
74091950,1a,copper,proclamation,2026-04-06
74091990,1a,copper,proclamation,2026-04-06
74092100,1a,copper,proclamation,2026-04-06
74092900,1a,copper,proclamation,2026-04-06
74093110,1a,copper,proclamation,2026-04-06
74093150,1a,copper,proclamation,2026-04-06
74093190,1a,copper,proclamation,2026-04-06
74093910,1a,copper,proclamation,2026-04-06
74093950,1a,copper,proclamation,2026-04-06
74093990,1a,copper,proclamation,2026-04-06
74094000,1a,copper,proclamation,2026-04-06
74099010,1a,copper,proclamation,2026-04-06
74099050,1a,copper,proclamation,2026-04-06
74099090,1a,copper,proclamation,2026-04-06
74101100,1a,copper,proclamation,2026-04-06
74101200,1a,copper,proclamation,2026-04-06
74102130,1a,copper,proclamation,2026-04-06
74102160,1a,copper,proclamation,2026-04-06
74102200,1a,copper,proclamation,2026-04-06
74111010,1a,copper,proclamation,2026-04-06
74111050,1a,copper,proclamation,2026-04-06
74112110,1a,copper,proclamation,2026-04-06
74112150,1a,copper,proclamation,2026-04-06
74112200,1a,copper,proclamation,2026-04-06
74112910,1a,copper,proclamation,2026-04-06
74112950,1a,copper,proclamation,2026-04-06
74121000,1a,copper,proclamation,2026-04-06
74122000,1a,copper,proclamation,2026-04-06
74130010,1a,copper,proclamation,2026-04-06
74130050,1a,copper,proclamation,2026-04-06
74130090,1a,copper,proclamation,2026-04-06
74151000,1a,copper,proclamation,2026-04-06
74152100,1a,copper,proclamation,2026-04-06
74152900,1a,copper,proclamation,2026-04-06
74153305,1a,copper,proclamation,2026-04-06
74153310,1a,copper,proclamation,2026-04-06
74153380,1a,copper,proclamation,2026-04-06
74153900,1a,copper,proclamation,2026-04-06
74181000,1a,copper,proclamation,2026-04-06
74182010,1a,copper,proclamation,2026-04-06
74182050,1a,copper,proclamation,2026-04-06
74192000,1a,copper,proclamation,2026-04-06
74198003,1a,copper,proclamation,2026-04-06
74198006,1a,copper,proclamation,2026-04-06
74198009,1a,copper,proclamation,2026-04-06
74198015,1a,copper,proclamation,2026-04-06
74198016,1a,copper,proclamation,2026-04-06
74198017,1a,copper,proclamation,2026-04-06
74198030,1a,copper,proclamation,2026-04-06
74198050,1a,copper,proclamation,2026-04-06
7206,1a,steel,us_note_16,2026-04-06
7207,1a,steel,us_note_16,2026-04-06
7208,1a,steel,us_note_16,2026-04-06
7209,1a,steel,us_note_16,2026-04-06
7210,1a,steel,us_note_16,2026-04-06
7211,1a,steel,us_note_16,2026-04-06
7212,1a,steel,us_note_16,2026-04-06
7213,1a,steel,us_note_16,2026-04-06
7214,1a,steel,us_note_16,2026-04-06
7215,1a,steel,us_note_16,2026-04-06
72161000,1a,steel,us_note_16,2026-04-06
72162100,1a,steel,us_note_16,2026-04-06
72162200,1a,steel,us_note_16,2026-04-06
72163100,1a,steel,us_note_16,2026-04-06
72163200,1a,steel,us_note_16,2026-04-06
72163300,1a,steel,us_note_16,2026-04-06
72164000,1a,steel,us_note_16,2026-04-06
72165000,1a,steel,us_note_16,2026-04-06
7216910010,1a,steel,proclamation,2026-04-06
72169900,1a,steel,us_note_16,2026-04-06
7217,1a,steel,us_note_16,2026-04-06
7218,1a,steel,us_note_16,2026-04-06
7219,1a,steel,us_note_16,2026-04-06
7220,1a,steel,us_note_16,2026-04-06
7221,1a,steel,us_note_16,2026-04-06
7222,1a,steel,us_note_16,2026-04-06
7223,1a,steel,us_note_16,2026-04-06
7224,1a,steel,us_note_16,2026-04-06
7225,1a,steel,us_note_16,2026-04-06
7226,1a,steel,us_note_16,2026-04-06
7227,1a,steel,us_note_16,2026-04-06
7228,1a,steel,us_note_16,2026-04-06
7229,1a,steel,us_note_16,2026-04-06
73011000,1a,steel,us_note_16,2026-04-06
73012010,1a,steel,proclamation,2026-04-06
73012050,1a,steel,proclamation,2026-04-06
730210,1a,steel,us_note_16,2026-04-06
73023000,1a,steel,proclamation,2026-04-06
73024000,1a,steel,us_note_16,2026-04-06
730290,1a,steel,us_note_16,2026-04-06
7304,1a,steel,us_note_16,2026-04-06
7305,1a,steel,us_note_16,2026-04-06
7306,1a,steel,us_note_16,2026-04-06
73071930,1a,steel,proclamation,2026-04-06
73071990,1a,steel,proclamation,2026-04-06
73072110,1a,steel,proclamation,2026-04-06
73072150,1a,steel,proclamation,2026-04-06
73072210,1a,steel,proclamation,2026-04-06
73072250,1a,steel,proclamation,2026-04-06
73072300,1a,steel,proclamation,2026-04-06
73072900,1a,steel,proclamation,2026-04-06
73079110,1a,steel,proclamation,2026-04-06
73079130,1a,steel,proclamation,2026-04-06
73079150,1a,steel,proclamation,2026-04-06
73079230,1a,steel,proclamation,2026-04-06
73079290,1a,steel,proclamation,2026-04-06
73079330,1a,steel,proclamation,2026-04-06
73079360,1a,steel,proclamation,2026-04-06
73079390,1a,steel,proclamation,2026-04-06
73079910,1a,steel,proclamation,2026-04-06
73079930,1a,steel,proclamation,2026-04-06
73079950,1a,steel,proclamation,2026-04-06
73081000,1a,steel,proclamation,2026-04-06
73082000,1a,steel,proclamation,2026-04-06
73083010,1a,steel,proclamation,2026-04-06
73083050,1a,steel,proclamation,2026-04-06
73084000,1a,steel,proclamation,2026-04-06
73089030,1a,steel,proclamation,2026-04-06
73089060,1a,steel,proclamation,2026-04-06
73089070,1a,steel,proclamation,2026-04-06
73089095,1a,steel,proclamation,2026-04-06
73090000,1a,steel,proclamation,2026-04-06
73101000,1a,steel,proclamation,2026-04-06
73102100,1a,steel,proclamation,2026-04-06
73102900,1a,steel,proclamation,2026-04-06
73110000,1a,steel,proclamation,2026-04-06
73121005,1a,steel,proclamation,2026-04-06
73121010,1a,steel,proclamation,2026-04-06
73121020,1a,steel,proclamation,2026-04-06
73121030,1a,steel,proclamation,2026-04-06
73121050,1a,steel,proclamation,2026-04-06
73121060,1a,steel,proclamation,2026-04-06
73121070,1a,steel,proclamation,2026-04-06
73121080,1a,steel,proclamation,2026-04-06
73121090,1a,steel,proclamation,2026-04-06
73129000,1a,steel,proclamation,2026-04-06
73130000,1a,steel,proclamation,2026-04-06
73141210,1a,steel,proclamation,2026-04-06
73141220,1a,steel,proclamation,2026-04-06
73141230,1a,steel,proclamation,2026-04-06
73141260,1a,steel,proclamation,2026-04-06
73141290,1a,steel,proclamation,2026-04-06
73141410,1a,steel,proclamation,2026-04-06
73141420,1a,steel,proclamation,2026-04-06
73141430,1a,steel,proclamation,2026-04-06
73141460,1a,steel,proclamation,2026-04-06
73141490,1a,steel,proclamation,2026-04-06
73141901,1a,steel,proclamation,2026-04-06
73142000,1a,steel,proclamation,2026-04-06
73143110,1a,steel,proclamation,2026-04-06
73143150,1a,steel,proclamation,2026-04-06
73143900,1a,steel,proclamation,2026-04-06
73144100,1a,steel,proclamation,2026-04-06
73144200,1a,steel,proclamation,2026-04-06
73144930,1a,steel,proclamation,2026-04-06
73144960,1a,steel,proclamation,2026-04-06
73145000,1a,steel,proclamation,2026-04-06
73151100,1a,steel,proclamation,2026-04-06
73151200,1a,steel,proclamation,2026-04-06
73151900,1a,steel,proclamation,2026-04-06
73152010,1a,steel,proclamation,2026-04-06
73152050,1a,steel,proclamation,2026-04-06
73158100,1a,steel,proclamation,2026-04-06
73158210,1a,steel,proclamation,2026-04-06
73158230,1a,steel,proclamation,2026-04-06
73158250,1a,steel,proclamation,2026-04-06
73158270,1a,steel,proclamation,2026-04-06
73158910,1a,steel,proclamation,2026-04-06
73158930,1a,steel,proclamation,2026-04-06
73158950,1a,steel,proclamation,2026-04-06
73159000,1a,steel,proclamation,2026-04-06
73160000,1a,steel,proclamation,2026-04-06
73170010,1a,steel,proclamation,2026-04-06
73170020,1a,steel,proclamation,2026-04-06
73170030,1a,steel,proclamation,2026-04-06
73170055,1a,steel,proclamation,2026-04-06
73170065,1a,steel,proclamation,2026-04-06
73170075,1a,steel,proclamation,2026-04-06
73181100,1a,steel,proclamation,2026-04-06
73181200,1a,steel,proclamation,2026-04-06
73181300,1a,steel,proclamation,2026-04-06
73181410,1a,steel,proclamation,2026-04-06
73181450,1a,steel,proclamation,2026-04-06
73181520,1a,steel,proclamation,2026-04-06
73181540,1a,steel,proclamation,2026-04-06
73181550,1a,steel,proclamation,2026-04-06
73181560,1a,steel,proclamation,2026-04-06
73181580,1a,steel,proclamation,2026-04-06
73181600,1a,steel,proclamation,2026-04-06
73181900,1a,steel,proclamation,2026-04-06
73182100,1a,steel,proclamation,2026-04-06
73182200,1a,steel,proclamation,2026-04-06
73182300,1a,steel,proclamation,2026-04-06
73182400,1a,steel,proclamation,2026-04-06
73182900,1a,steel,proclamation,2026-04-06
73194020,1a,steel,proclamation,2026-04-06
73194030,1a,steel,proclamation,2026-04-06
73194050,1a,steel,proclamation,2026-04-06
73199010,1a,steel,proclamation,2026-04-06
73199090,1a,steel,proclamation,2026-04-06
73201030,1a,steel,proclamation,2026-04-06
73201060,1a,steel,proclamation,2026-04-06
73201090,1a,steel,proclamation,2026-04-06
73202010,1a,steel,proclamation,2026-04-06
73202050,1a,steel,proclamation,2026-04-06
73209010,1a,steel,proclamation,2026-04-06
73209050,1a,steel,proclamation,2026-04-06
7325100010,1a,steel,proclamation,2026-04-06
7325100020,1a,steel,proclamation,2026-04-06
7325100025,1a,steel,proclamation,2026-04-06
7325100030,1a,steel,proclamation,2026-04-06
7325100080,1a,steel,proclamation,2026-04-06
73259100,1a,steel,proclamation,2026-04-06
73259910,1a,steel,proclamation,2026-04-06
73259950,1a,steel,proclamation,2026-04-06
73261100,1a,steel,proclamation,2026-04-06
73261900,1a,steel,proclamation,2026-04-06
7326200090,1a,steel,proclamation,2026-04-06
73269010,1a,steel,proclamation,2026-04-06
73269025,1a,steel,proclamation,2026-04-06
73269060,1a,steel,proclamation,2026-04-06
7326908605,1a,steel,proclamation,2026-04-06
7326908610,1a,steel,proclamation,2026-04-06
7326908630,1a,steel,proclamation,2026-04-06
7326908635,1a,steel,proclamation,2026-04-06
7326908645,1a,steel,proclamation,2026-04-06
7326908688,1a,steel,proclamation,2026-04-06
7601,1a,steel,proclamation,2026-04-06
7604,1a,steel,proclamation,2026-04-06
7605,1a,steel,proclamation,2026-04-06
7606,1a,steel,proclamation,2026-04-06
7607,1a,steel,proclamation,2026-04-06
7608,1a,steel,proclamation,2026-04-06
7609,1a,steel,proclamation,2026-04-06
76141010,1a,steel,proclamation,2026-04-06
7616995160,1a,steel,proclamation,2026-04-06
7616995170,1a,steel,proclamation,2026-04-06
761510,1b,aluminum,proclamation,2026-04-06
7615102015,1b,aluminum,us_note_16,2026-04-06
7615102025,1b,aluminum,us_note_16,2026-04-06
7615103015,1b,aluminum,us_note_16,2026-04-06
7615103025,1b,aluminum,us_note_16,2026-04-06
7615105020,1b,aluminum,us_note_16,2026-04-06
7615105040,1b,aluminum,us_note_16,2026-04-06
7615107125,1b,aluminum,us_note_16,2026-04-06
7615107130,1b,aluminum,us_note_16,2026-04-06
7615107155,1b,aluminum,us_note_16,2026-04-06
7615107180,1b,aluminum,us_note_16,2026-04-06
76151091,1b,aluminum,proclamation,2026-04-06
76152000,1b,aluminum,proclamation,2026-04-06
761699,1b,aluminum,proclamation,2026-04-06
76169910,1b,aluminum,proclamation,2026-04-06
7616995130,1b,aluminum,us_note_16,2026-04-06
7616995140,1b,aluminum,us_note_16,2026-04-06
83021030,1b,aluminum,proclamation,2026-04-06
83022000,1b,aluminum,proclamation,2026-04-06
830230,1b,aluminum,proclamation,2026-04-06
8302303010,1b,aluminum,us_note_16,2026-04-06
8302303060,1b,aluminum,us_note_16,2026-04-06
830241,1b,aluminum,proclamation,2026-04-06
8302416015,1b,aluminum,us_note_16,2026-04-06
8302416045,1b,aluminum,us_note_16,2026-04-06
8302416050,1b,aluminum,us_note_16,2026-04-06
8302416080,1b,aluminum,us_note_16,2026-04-06
83025000,1b,aluminum,proclamation,2026-04-06
83026030,1b,aluminum,proclamation,2026-04-06
83026090,1b,aluminum,proclamation,2026-04-06
830510,1b,aluminum,proclamation,2026-04-06
8305100050,1b,aluminum,us_note_16,2026-04-06
83063000,1b,aluminum,proclamation,2026-04-06
83079060,1b,aluminum,proclamation,2026-04-06
8309900020,1b,aluminum,us_note_16,2026-04-06
8309900025,1b,aluminum,us_note_16,2026-04-06
8412909070,1b,aluminum,us_note_16,2026-04-06
8412909075,1b,aluminum,us_note_16,2026-04-06
841459,1b,aluminum,proclamation,2026-04-06
8414596590,1b,aluminum,us_note_16,2026-04-06
841590,1b,aluminum,proclamation,2026-04-06
8415908010,1b,aluminum,us_note_16,2026-04-06
8415908020,1b,aluminum,us_note_16,2026-04-06
8415908045,1b,aluminum,us_note_16,2026-04-06
8415908085,1b,aluminum,us_note_16,2026-04-06
841899,1b,aluminum,proclamation,2026-04-06
8418998005,1b,aluminum,us_note_16,2026-04-06
8418998050,1b,aluminum,us_note_16,2026-04-06
8418998060,1b,aluminum,us_note_16,2026-04-06
84195010,1b,aluminum,proclamation,2026-04-06
84195050,1b,aluminum,proclamation,2026-04-06
84199010,1b,aluminum,proclamation,2026-04-06
842290,1b,aluminum,proclamation,2026-04-06
8422900640,1b,aluminum,us_note_16,2026-04-06
842490,1b,aluminum,proclamation,2026-04-06
8424909080,1b,aluminum,us_note_16,2026-04-06
84672200,1b,aluminum,proclamation,2026-04-06
84672900,1b,aluminum,proclamation,2026-04-06
84678100,1b,aluminum,proclamation,2026-04-06
84678950,1b,aluminum,proclamation,2026-04-06
8471,1b,aluminum,proclamation,2026-04-06
848190,1b,aluminum,proclamation,2026-04-06
8481909060,1b,aluminum,us_note_16,2026-04-06
8481909085,1b,aluminum,us_note_16,2026-04-06
8483405020,1b,aluminum,us_note_16,2026-04-06
848390,1b,aluminum,proclamation,2026-04-06
8483905020,1b,aluminum,us_note_16,2026-04-06
848790,1b,aluminum,proclamation,2026-04-06
8487900080,1b,aluminum,us_note_16,2026-04-06
8501640110,1b,aluminum,us_note_16,2026-04-06
85022000,1b,aluminum,proclamation,2026-04-06
850231,1b,aluminum,proclamation,2026-04-06
850300,1b,aluminum,proclamation,2026-04-06
8503009520,1b,aluminum,us_note_16,2026-04-06
8503009546,1b,aluminum,us_note_16,2026-04-06
8503009570,1b,aluminum,us_note_16,2026-04-06
85043120,1b,aluminum,proclamation,2026-04-06
85043140,1b,aluminum,proclamation,2026-04-06
85043160,1b,aluminum,proclamation,2026-04-06
85049041,1b,aluminum,proclamation,2026-04-06
85087000,1b,aluminum,proclamation,2026-04-06
85139020,1b,aluminum,proclamation,2026-04-06
85159020,1b,aluminum,proclamation,2026-04-06
851650,1b,aluminum,proclamation,2026-04-06
851690,1b,aluminum,proclamation,2026-04-06
85169050,1b,aluminum,proclamation,2026-04-06
8516908050,1b,aluminum,us_note_16,2026-04-06
85177100,1b,aluminum,proclamation,2026-04-06
85299073,1b,aluminum,proclamation,2026-04-06
853690,1b,aluminum,proclamation,2026-04-06
8536908585,1b,aluminum,us_note_16,2026-04-06
85381000,1b,aluminum,proclamation,2026-04-06
854390,1b,aluminum,proclamation,2026-04-06
8543908885,1b,aluminum,us_note_16,2026-04-06
85441900,1b,aluminum,proclamation,2026-04-06
85444290,1b,aluminum,proclamation,2026-04-06
85444920,1b,aluminum,proclamation,2026-04-06
85444990,1b,aluminum,proclamation,2026-04-06
85446020,1b,aluminum,proclamation,2026-04-06
85446060,1b,aluminum,proclamation,2026-04-06
854790,1b,aluminum,proclamation,2026-04-06
8547900020,1b,aluminum,us_note_16,2026-04-06
8547900030,1b,aluminum,us_note_16,2026-04-06
8547900040,1b,aluminum,us_note_16,2026-04-06
87081060,1b,aluminum,proclamation,2026-04-06
870829,1b,aluminum,proclamation,2026-04-06
8708295160,1b,aluminum,us_note_16,2026-04-06
870880,1b,aluminum,proclamation,2026-04-06
8708806590,1b,aluminum,us_note_16,2026-04-06
870899,1b,aluminum,proclamation,2026-04-06
8708996890,1b,aluminum,us_note_16,2026-04-06
871680,1b,aluminum,proclamation,2026-04-06
8716805010,1b,aluminum,us_note_16,2026-04-06
85444210,1b,copper,proclamation,2026-04-06
85444220,1b,copper,proclamation,2026-04-06
85444910,1b,copper,proclamation,2026-04-06
73211110,1b,steel,proclamation,2026-04-06
73211130,1b,steel,proclamation,2026-04-06
73211160,1b,steel,proclamation,2026-04-06
73211200,1b,steel,proclamation,2026-04-06
73211900,1b,steel,proclamation,2026-04-06
73218110,1b,steel,proclamation,2026-04-06
73218150,1b,steel,proclamation,2026-04-06
73218210,1b,steel,proclamation,2026-04-06
73218250,1b,steel,proclamation,2026-04-06
73218900,1b,steel,proclamation,2026-04-06
73219010,1b,steel,proclamation,2026-04-06
73219020,1b,steel,proclamation,2026-04-06
73219040,1b,steel,proclamation,2026-04-06
73219050,1b,steel,proclamation,2026-04-06
73219060,1b,steel,proclamation,2026-04-06
73221900,1b,steel,proclamation,2026-04-06
73229000,1b,steel,proclamation,2026-04-06
73231000,1b,steel,proclamation,2026-04-06
73239300,1b,steel,proclamation,2026-04-06
73239400,1b,steel,proclamation,2026-04-06
73239910,1b,steel,proclamation,2026-04-06
73239930,1b,steel,proclamation,2026-04-06
73239950,1b,steel,proclamation,2026-04-06
73239970,1b,steel,proclamation,2026-04-06
73239990,1b,steel,proclamation,2026-04-06
73241000,1b,steel,proclamation,2026-04-06
73242900,1b,steel,proclamation,2026-04-06
73249000,1b,steel,proclamation,2026-04-06
732510,1b,steel,proclamation,2026-04-06
7325100035,1b,steel,us_note_16,2026-04-06
732620,1b,steel,proclamation,2026-04-06
7326200010,1b,steel,us_note_16,2026-04-06
7326200020,1b,steel,us_note_16,2026-04-06
7326200030,1b,steel,us_note_16,2026-04-06
7326200040,1b,steel,us_note_16,2026-04-06
7326200055,1b,steel,us_note_16,2026-04-06
732690,1b,steel,proclamation,2026-04-06
73269035,1b,steel,proclamation,2026-04-06
73269045,1b,steel,proclamation,2026-04-06
7326908660,1b,steel,us_note_16,2026-04-06
7326908675,1b,steel,us_note_16,2026-04-06
7326908676,1b,steel,us_note_16,2026-04-06
7326908677,1b,steel,us_note_16,2026-04-06
820239,1b,steel,proclamation,2026-04-06
8202390040,1b,steel,us_note_16,2026-04-06
82034060,1b,steel,proclamation,2026-04-06
82055955,1b,steel,proclamation,2026-04-06
82057000,1b,steel,proclamation,2026-04-06
82111000,1b,steel,proclamation,2026-04-06
82119110,1b,steel,proclamation,2026-04-06
82119120,1b,steel,proclamation,2026-04-06
82119125,1b,steel,proclamation,2026-04-06
82119130,1b,steel,proclamation,2026-04-06
82119140,1b,steel,proclamation,2026-04-06
82119150,1b,steel,proclamation,2026-04-06
82119180,1b,steel,proclamation,2026-04-06
82119220,1b,steel,proclamation,2026-04-06
82119240,1b,steel,proclamation,2026-04-06
82119260,1b,steel,proclamation,2026-04-06
82119290,1b,steel,proclamation,2026-04-06
82119300,1b,steel,proclamation,2026-04-06
82119410,1b,steel,proclamation,2026-04-06
82119450,1b,steel,proclamation,2026-04-06
82119510,1b,steel,proclamation,2026-04-06
82119550,1b,steel,proclamation,2026-04-06
82119590,1b,steel,proclamation,2026-04-06
82151000,1b,steel,proclamation,2026-04-06
82152000,1b,steel,proclamation,2026-04-06
82159130,1b,steel,proclamation,2026-04-06
82159160,1b,steel,proclamation,2026-04-06
82159190,1b,steel,proclamation,2026-04-06
82159901,1b,steel,proclamation,2026-04-06
82159905,1b,steel,proclamation,2026-04-06
82159910,1b,steel,proclamation,2026-04-06
82159915,1b,steel,proclamation,2026-04-06
82159920,1b,steel,proclamation,2026-04-06
82159922,1b,steel,proclamation,2026-04-06
82159924,1b,steel,proclamation,2026-04-06
82159926,1b,steel,proclamation,2026-04-06
82159930,1b,steel,proclamation,2026-04-06
82159935,1b,steel,proclamation,2026-04-06
82159940,1b,steel,proclamation,2026-04-06
82159945,1b,steel,proclamation,2026-04-06
82159950,1b,steel,proclamation,2026-04-06
83021060,1b,steel,proclamation,2026-04-06
83024130,1b,steel,proclamation,2026-04-06
83024160,1b,steel,proclamation,2026-04-06
83024230,1b,steel,proclamation,2026-04-06
83024960,1b,steel,proclamation,2026-04-06
83052000,1b,steel,proclamation,2026-04-06
83071060,1b,steel,proclamation,2026-04-06
830990,1b,steel,proclamation,2026-04-06
8309900080,1b,steel,us_note_16,2026-04-06
84031000,1b,steel,proclamation,2026-04-06
84069040,1b,steel,proclamation,2026-04-06
84079010,1b,steel,proclamation,2026-04-06
84079090,1b,steel,proclamation,2026-04-06
84109000,1b,steel,proclamation,2026-04-06
84118180,1b,steel,proclamation,2026-04-06
84122100,1b,steel,proclamation,2026-04-06
84122980,1b,steel,proclamation,2026-04-06
841290,1b,steel,proclamation,2026-04-06
8412909070,1b,steel,us_note_16,2026-04-06
8412909075,1b,steel,us_note_16,2026-04-06
84138100,1b,steel,proclamation,2026-04-06
841391,1b,steel,proclamation,2026-04-06
8413919055,1b,steel,us_note_16,2026-04-06
8413919060,1b,steel,us_note_16,2026-04-06
8413919096,1b,steel,us_note_16,2026-04-06
84143040,1b,steel,proclamation,2026-04-06
84148016,1b,steel,proclamation,2026-04-06
84149030,1b,steel,proclamation,2026-04-06
84149041,1b,steel,proclamation,2026-04-06
84151030,1b,steel,proclamation,2026-04-06
84151060,1b,steel,proclamation,2026-04-06
84151090,1b,steel,proclamation,2026-04-06
84158101,1b,steel,proclamation,2026-04-06
84158201,1b,steel,proclamation,2026-04-06
84158300,1b,steel,proclamation,2026-04-06
84159040,1b,steel,proclamation,2026-04-06
84159080,1b,steel,proclamation,2026-04-06
841810,1b,steel,proclamation,2026-04-06
84181000,1b,steel,proclamation,2026-04-06
84182100,1b,steel,proclamation,2026-04-06
84182920,1b,steel,proclamation,2026-04-06
84183000,1b,steel,proclamation,2026-04-06
84184000,1b,steel,proclamation,2026-04-06
84189940,1b,steel,proclamation,2026-04-06
84198150,1b,steel,proclamation,2026-04-06
84221100,1b,steel,proclamation,2026-04-06
84254200,1b,steel,proclamation,2026-04-06
84262000,1b,steel,proclamation,2026-04-06
84264900,1b,steel,proclamation,2026-04-06
84269900,1b,steel,proclamation,2026-04-06
8427,1b,steel,proclamation,2026-04-06
84271040,1b,steel,proclamation,2026-04-06
84271080,1b,steel,proclamation,2026-04-06
84272040,1b,steel,proclamation,2026-04-06
84272080,1b,steel,proclamation,2026-04-06
84279000,1b,steel,proclamation,2026-04-06
8429,1b,steel,proclamation,2026-04-06
84291100,1b,steel,proclamation,2026-04-06
84291900,1b,steel,proclamation,2026-04-06
84292000,1b,steel,proclamation,2026-04-06
84293000,1b,steel,proclamation,2026-04-06
84294000,1b,steel,proclamation,2026-04-06
84295110,1b,steel,proclamation,2026-04-06
84295150,1b,steel,proclamation,2026-04-06
84295210,1b,steel,proclamation,2026-04-06
84295250,1b,steel,proclamation,2026-04-06
84295910,1b,steel,proclamation,2026-04-06
84295950,1b,steel,proclamation,2026-04-06
8430,1b,steel,proclamation,2026-04-06
843041,1b,steel,proclamation,2026-04-06
843049,1b,steel,proclamation,2026-04-06
84312000,1b,steel,proclamation,2026-04-06
84313100,1b,steel,proclamation,2026-04-06
84314200,1b,steel,proclamation,2026-04-06
84314340,1b,steel,proclamation,2026-04-06
84314380,1b,steel,proclamation,2026-04-06
84314910,1b,steel,proclamation,2026-04-06
84314990,1b,steel,proclamation,2026-04-06
84321000,1b,steel,proclamation,2026-04-06
84329000,1b,steel,proclamation,2026-04-06
84331100,1b,steel,proclamation,2026-04-06
84332000,1b,steel,proclamation,2026-04-06
84335100,1b,steel,proclamation,2026-04-06
84335900,1b,steel,proclamation,2026-04-06
84339010,1b,steel,proclamation,2026-04-06
84339050,1b,steel,proclamation,2026-04-06
84431600,1b,steel,proclamation,2026-04-06
84501100,1b,steel,proclamation,2026-04-06
84502000,1b,steel,proclamation,2026-04-06
84512100,1b,steel,proclamation,2026-04-06
84512900,1b,steel,proclamation,2026-04-06
84798955,1b,steel,proclamation,2026-04-06
84798965,1b,steel,proclamation,2026-04-06
84799045,1b,steel,proclamation,2026-04-06
84799055,1b,steel,proclamation,2026-04-06
84799065,1b,steel,proclamation,2026-04-06
84799075,1b,steel,proclamation,2026-04-06
84799085,1b,steel,proclamation,2026-04-06
848210,1b,steel,proclamation,2026-04-06
8482105004,1b,steel,us_note_16,2026-04-06
8482105008,1b,steel,us_note_16,2026-04-06
8482105012,1b,steel,us_note_16,2026-04-06
8482105016,1b,steel,us_note_16,2026-04-06
8482105024,1b,steel,us_note_16,2026-04-06
8482105028,1b,steel,us_note_16,2026-04-06
8482105032,1b,steel,us_note_16,2026-04-06
8482105036,1b,steel,us_note_16,2026-04-06
8482105052,1b,steel,us_note_16,2026-04-06
8482105056,1b,steel,us_note_16,2026-04-06
8482105060,1b,steel,us_note_16,2026-04-06
8482105064,1b,steel,us_note_16,2026-04-06
8482105068,1b,steel,us_note_16,2026-04-06
848220,1b,steel,proclamation,2026-04-06
8482200064,1b,steel,us_note_16,2026-04-06
8482200067,1b,steel,us_note_16,2026-04-06
8482200090,1b,steel,us_note_16,2026-04-06
84829905,1b,steel,proclamation,2026-04-06
84829915,1b,steel,proclamation,2026-04-06
84829925,1b,steel,proclamation,2026-04-06
84829935,1b,steel,proclamation,2026-04-06
84829945,1b,steel,proclamation,2026-04-06
84829965,1b,steel,proclamation,2026-04-06
848310,1b,steel,proclamation,2026-04-06
8483101010,1b,steel,us_note_16,2026-04-06
8483101050,1b,steel,us_note_16,2026-04-06
84831050,1b,steel,proclamation,2026-04-06
848320,1b,steel,proclamation,2026-04-06
84832040,1b,steel,proclamation,2026-04-06
84832080,1b,steel,proclamation,2026-04-06
84833040,1b,steel,proclamation,2026-04-06
84833080,1b,steel,proclamation,2026-04-06
848340,1b,steel,proclamation,2026-04-06
84834010,1b,steel,proclamation,2026-04-06
8483405020,1b,steel,us_note_16,2026-04-06
84834090,1b,steel,proclamation,2026-04-06
84835060,1b,steel,proclamation,2026-04-06
84835090,1b,steel,proclamation,2026-04-06
84836040,1b,steel,proclamation,2026-04-06
84839030,1b,steel,proclamation,2026-04-06
84839050,1b,steel,proclamation,2026-04-06
84839070,1b,steel,proclamation,2026-04-06
84839080,1b,steel,proclamation,2026-04-06
8501,1b,steel,proclamation,2026-04-06
85015360,1b,steel,proclamation,2026-04-06
85015380,1b,steel,proclamation,2026-04-06
850164,1b,steel,proclamation,2026-04-06
8501640110,1b,steel,us_note_16,2026-04-06
8502,1b,steel,proclamation,2026-04-06
85023100,1b,steel,proclamation,2026-04-06
85030035,1b,steel,proclamation,2026-04-06
85030065,1b,steel,proclamation,2026-04-06
85030075,1b,steel,proclamation,2026-04-06
85030095,1b,steel,proclamation,2026-04-06
85042100,1b,steel,proclamation,2026-04-06
85042200,1b,steel,proclamation,2026-04-06
85043200,1b,steel,proclamation,2026-04-06
85043300,1b,steel,proclamation,2026-04-06
850490,1b,steel,proclamation,2026-04-06
8504909634,1b,steel,us_note_16,2026-04-06
8504909638,1b,steel,us_note_16,2026-04-06
8504909642,1b,steel,us_note_16,2026-04-06
85098020,1b,steel,proclamation,2026-04-06
85142040,1b,steel,proclamation,2026-04-06
85142060,1b,steel,proclamation,2026-04-06
85162900,1b,steel,proclamation,2026-04-06
85166040,1b,steel,proclamation,2026-04-06
85166060,1b,steel,proclamation,2026-04-06
85479000,1b,steel,proclamation,2026-04-06
8601,1b,steel,proclamation,2026-04-06
86011000,1b,steel,proclamation,2026-04-06
86012000,1b,steel,proclamation,2026-04-06
86021000,1b,steel,proclamation,2026-04-06
86029000,1b,steel,proclamation,2026-04-06
86031000,1b,steel,proclamation,2026-04-06
86039000,1b,steel,proclamation,2026-04-06
86040000,1b,steel,proclamation,2026-04-06
8605,1b,steel,proclamation,2026-04-06
86050000,1b,steel,proclamation,2026-04-06
86061000,1b,steel,proclamation,2026-04-06
86071100,1b,steel,proclamation,2026-04-06
86071903,1b,steel,proclamation,2026-04-06
86071906,1b,steel,proclamation,2026-04-06
86071912,1b,steel,proclamation,2026-04-06
86071915,1b,steel,proclamation,2026-04-06
86071990,1b,steel,proclamation,2026-04-06
86072150,1b,steel,proclamation,2026-04-06
860730,1b,steel,proclamation,2026-04-06
8607301010,1b,steel,us_note_16,2026-04-06
8607301050,1b,steel,us_note_16,2026-04-06
8607301090,1b,steel,us_note_16,2026-04-06
86073050,1b,steel,proclamation,2026-04-06
86079100,1b,steel,proclamation,2026-04-06
86079950,1b,steel,proclamation,2026-04-06
86090000,1b,steel,proclamation,2026-04-06
8701,1b,steel,proclamation,2026-04-06
87011001,1b,steel,proclamation,2026-04-06
870121,1b,steel,proclamation,2026-04-06
8701210080,1b,steel,us_note_16,2026-04-06
870122,1b,steel,proclamation,2026-04-06
8701220080,1b,steel,us_note_16,2026-04-06
870123,1b,steel,proclamation,2026-04-06
8701230080,1b,steel,us_note_16,2026-04-06
870124,1b,steel,proclamation,2026-04-06
8701240080,1b,steel,us_note_16,2026-04-06
870129,1b,steel,proclamation,2026-04-06
8701290080,1b,steel,us_note_16,2026-04-06
87013010,1b,steel,proclamation,2026-04-06
87013050,1b,steel,proclamation,2026-04-06
87019110,1b,steel,proclamation,2026-04-06
87019150,1b,steel,proclamation,2026-04-06
87019210,1b,steel,proclamation,2026-04-06
87019250,1b,steel,proclamation,2026-04-06
87019310,1b,steel,proclamation,2026-04-06
87019350,1b,steel,proclamation,2026-04-06
87019410,1b,steel,proclamation,2026-04-06
87019450,1b,steel,proclamation,2026-04-06
87019510,1b,steel,proclamation,2026-04-06
87019550,1b,steel,proclamation,2026-04-06
8702,1b,steel,proclamation,2026-04-06
87021031,1b,steel,proclamation,2026-04-06
87021061,1b,steel,proclamation,2026-04-06
87031010,1b,steel,proclamation,2026-04-06
87031050,1b,steel,proclamation,2026-04-06
87032101,1b,steel,proclamation,2026-04-06
8705,1b,steel,proclamation,2026-04-06
87051000,1b,steel,proclamation,2026-04-06
87052000,1b,steel,proclamation,2026-04-06
87060030,1b,steel,proclamation,2026-04-06
87081030,1b,steel,proclamation,2026-04-06
87082921,1b,steel,proclamation,2026-04-06
87084030,1b,steel,proclamation,2026-04-06
87084060,1b,steel,proclamation,2026-04-06
87089210,1b,steel,proclamation,2026-04-06
87089250,1b,steel,proclamation,2026-04-06
87089260,1b,steel,proclamation,2026-04-06
87089275,1b,steel,proclamation,2026-04-06
87089315,1b,steel,proclamation,2026-04-06
87089330,1b,steel,proclamation,2026-04-06
87089923,1b,steel,proclamation,2026-04-06
87089981,1b,steel,proclamation,2026-04-06
8709,1b,steel,proclamation,2026-04-06
87161000,1b,steel,proclamation,2026-04-06
87163900,1b,steel,proclamation,2026-04-06
87168010,1b,steel,proclamation,2026-04-06
87168050,1b,steel,proclamation,2026-04-06
87169010,1b,steel,proclamation,2026-04-06
87169030,1b,steel,proclamation,2026-04-06
87169050,1b,steel,proclamation,2026-04-06
940399,1b,steel,proclamation,2026-04-06
94062000,1b,steel,proclamation,2026-04-06
94069001,1b,steel,proclamation,2026-04-06
22030000,2,aluminum,proclamation,2026-04-06
3701300000,2,aluminum,proclamation,2026-04-06
6603908100,2,aluminum,proclamation,2026-04-06
8473302000,2,aluminum,proclamation,2026-04-06
8473305100,2,aluminum,proclamation,2026-04-06
8486900000,2,aluminum,proclamation,2026-04-06
8517790000,2,aluminum,proclamation,2026-04-06
8529909760,2,aluminum,proclamation,2026-04-06
8541900000,2,aluminum,proclamation,2026-04-06
8807300060,2,aluminum,proclamation,2026-04-06
9031909195,2,aluminum,proclamation,2026-04-06
9401999081,2,aluminum,proclamation,2026-04-06
9403991040,2,aluminum,proclamation,2026-04-06
9403999020,2,aluminum,proclamation,2026-04-06
9405994020,2,aluminum,proclamation,2026-04-06
9506114080,2,aluminum,proclamation,2026-04-06
9506514000,2,aluminum,proclamation,2026-04-06
9506516000,2,aluminum,proclamation,2026-04-06
9506594040,2,aluminum,proclamation,2026-04-06
9506702090,2,aluminum,proclamation,2026-04-06
9506910010,2,aluminum,proclamation,2026-04-06
9506910020,2,aluminum,proclamation,2026-04-06
9506910030,2,aluminum,proclamation,2026-04-06
9506990510,2,aluminum,proclamation,2026-04-06
9506990520,2,aluminum,proclamation,2026-04-06
9506990530,2,aluminum,proclamation,2026-04-06
9506991500,2,aluminum,proclamation,2026-04-06
9506992000,2,aluminum,proclamation,2026-04-06
9506992580,2,aluminum,proclamation,2026-04-06
9506992800,2,aluminum,proclamation,2026-04-06
9506995500,2,aluminum,proclamation,2026-04-06
9506996080,2,aluminum,proclamation,2026-04-06
9507302000,2,aluminum,proclamation,2026-04-06
9507304000,2,aluminum,proclamation,2026-04-06
9507306000,2,aluminum,proclamation,2026-04-06
9507308000,2,aluminum,proclamation,2026-04-06
9507906000,2,aluminum,proclamation,2026-04-06
9603908050,2,aluminum,proclamation,2026-04-06
04029968,2,steel,proclamation,2026-04-06
04029970,2,steel,proclamation,2026-04-06
04029990,2,steel,proclamation,2026-04-06
2106909998,2,steel,proclamation,2026-04-06
2710193050,2,steel,proclamation,2026-04-06
2711120020,2,steel,proclamation,2026-04-06
2804290010,2,steel,proclamation,2026-04-06
2804400000,2,steel,proclamation,2026-04-06
2901220000,2,steel,proclamation,2026-04-06
2903421000,2,steel,proclamation,2026-04-06
29034310,2,steel,proclamation,2026-04-06
29034410,2,steel,proclamation,2026-04-06
29034510,2,steel,proclamation,2026-04-06
29034900,2,steel,proclamation,2026-04-06
29035110,2,steel,proclamation,2026-04-06
29035990,2,steel,proclamation,2026-04-06
2903710100,2,steel,proclamation,2026-04-06
3004909251,2,steel,proclamation,2026-04-06
32081000,2,steel,proclamation,2026-04-06
32082000,2,steel,proclamation,2026-04-06
32089000,2,steel,proclamation,2026-04-06
32091000,2,steel,proclamation,2026-04-06
32099000,2,steel,proclamation,2026-04-06
32139000,2,steel,proclamation,2026-04-06
32141000,2,steel,proclamation,2026-04-06
33030010,2,steel,proclamation,2026-04-06
33030020,2,steel,proclamation,2026-04-06
33030030,2,steel,proclamation,2026-04-06
33043000,2,steel,proclamation,2026-04-06
33049950,2,steel,proclamation,2026-04-06
33051000,2,steel,proclamation,2026-04-06
33053000,2,steel,proclamation,2026-04-06
33059000,2,steel,proclamation,2026-04-06
33069000,2,steel,proclamation,2026-04-06
33071010,2,steel,proclamation,2026-04-06
33071020,2,steel,proclamation,2026-04-06
33072000,2,steel,proclamation,2026-04-06
33074900,2,steel,proclamation,2026-04-06
33079000,2,steel,proclamation,2026-04-06
34013010,2,steel,proclamation,2026-04-06
34013050,2,steel,proclamation,2026-04-06
34023190,2,steel,proclamation,2026-04-06
34024990,2,steel,proclamation,2026-04-06
34025011,2,steel,proclamation,2026-04-06
34025051,2,steel,proclamation,2026-04-06
34029010,2,steel,proclamation,2026-04-06
34029030,2,steel,proclamation,2026-04-06
34029050,2,steel,proclamation,2026-04-06
34031910,2,steel,proclamation,2026-04-06
34031950,2,steel,proclamation,2026-04-06
34039900,2,steel,proclamation,2026-04-06
34051000,2,steel,proclamation,2026-04-06
34052000,2,steel,proclamation,2026-04-06
34054000,2,steel,proclamation,2026-04-06
34059000,2,steel,proclamation,2026-04-06
35061050,2,steel,proclamation,2026-04-06
35069110,2,steel,proclamation,2026-04-06
35069150,2,steel,proclamation,2026-04-06
35069900,2,steel,proclamation,2026-04-06
38085910,2,steel,proclamation,2026-04-06
38085940,2,steel,proclamation,2026-04-06
38086110,2,steel,proclamation,2026-04-06
38086150,2,steel,proclamation,2026-04-06
38086210,2,steel,proclamation,2026-04-06
38086250,2,steel,proclamation,2026-04-06
38086910,2,steel,proclamation,2026-04-06
38086950,2,steel,proclamation,2026-04-06
38089115,2,steel,proclamation,2026-04-06
38089125,2,steel,proclamation,2026-04-06
38089130,2,steel,proclamation,2026-04-06
38089150,2,steel,proclamation,2026-04-06
38089410,2,steel,proclamation,2026-04-06
38089450,2,steel,proclamation,2026-04-06
38099100,2,steel,proclamation,2026-04-06
38101000,2,steel,proclamation,2026-04-06
38111900,2,steel,proclamation,2026-04-06
38112100,2,steel,proclamation,2026-04-06
38140010,2,steel,proclamation,2026-04-06
38140020,2,steel,proclamation,2026-04-06
38140050,2,steel,proclamation,2026-04-06
38200000,2,steel,proclamation,2026-04-06
3824999397,2,steel,proclamation,2026-04-06
3827610000,2,steel,proclamation,2026-04-06
3827620000,2,steel,proclamation,2026-04-06
3827630000,2,steel,proclamation,2026-04-06
3827640000,2,steel,proclamation,2026-04-06
3827650000,2,steel,proclamation,2026-04-06
39252000,2,steel,proclamation,2026-04-06
39269010,2,steel,proclamation,2026-04-06
7323915020,2,steel,proclamation,2026-04-06
7323915040,2,steel,proclamation,2026-04-06
7323920020,2,steel,proclamation,2026-04-06
7323920040,2,steel,proclamation,2026-04-06
8407,2,steel,proclamation,2026-04-06
84072100,2,steel,proclamation,2026-04-06
84082010,2,steel,proclamation,2026-04-06
84082090,2,steel,proclamation,2026-04-06
84099150,2,steel,proclamation,2026-04-06
84099192,2,steel,proclamation,2026-04-06
84099199,2,steel,proclamation,2026-04-06
84099991,2,steel,proclamation,2026-04-06
84099992,2,steel,proclamation,2026-04-06
84099999,2,steel,proclamation,2026-04-06
84241000,2,steel,proclamation,2026-04-06
85015340,2,steel,proclamation,2026-04-06
85030045,2,steel,proclamation,2026-04-06
85030090,2,steel,proclamation,2026-04-06
8703,2,steel,proclamation,2026-04-06
8704,2,steel,proclamation,2026-04-06
8705900010,2,steel,proclamation,2026-04-06
8705900020,2,steel,proclamation,2026-04-06
87100000,2,steel,proclamation,2026-04-06
87113000,2,steel,proclamation,2026-04-06
87115000,2,steel,proclamation,2026-04-06
87116000,2,steel,proclamation,2026-04-06
87141000,2,steel,proclamation,2026-04-06
94017100,2,steel,proclamation,2026-04-06
94017900,2,steel,proclamation,2026-04-06
94031000,2,steel,proclamation,2026-04-06
94032000,2,steel,proclamation,2026-04-06
9403200082,2,steel,proclamation,2026-04-06
94039910,2,steel,proclamation,2026-04-06
9403999010,2,steel,proclamation,2026-04-06
9403999015,2,steel,proclamation,2026-04-06
9403999040,2,steel,proclamation,2026-04-06
9403999045,2,steel,proclamation,2026-04-06
9403999051,2,steel,proclamation,2026-04-06
9403999061,2,steel,proclamation,2026-04-06
94059920,2,steel,proclamation,2026-04-06
94059940,2,steel,proclamation,2026-04-06
95069100,2,steel,proclamation,2026-04-06
847989,3,aluminum,proclamation,2026-04-06
8479899599,3,aluminum,us_note_16,2026-04-06
847990,3,aluminum,proclamation,2026-04-06
8479909596,3,aluminum,us_note_16,2026-04-06
85043400,3,aluminum,proclamation,2026-04-06
85049020,3,aluminum,proclamation,2026-04-06
85049065,3,aluminum,proclamation,2026-04-06
85049075,3,aluminum,proclamation,2026-04-06
8504909610,3,aluminum,us_note_16,2026-04-06
8504909630,3,aluminum,us_note_16,2026-04-06
8504909646,3,aluminum,us_note_16,2026-04-06
8504909650,3,aluminum,us_note_16,2026-04-06
8504909690,3,aluminum,us_note_16,2026-04-06
90139080,3,aluminum,proclamation,2026-04-06
820720,3,steel,proclamation,2026-04-06
8207200070,3,steel,us_note_16,2026-04-06
820730,3,steel,proclamation,2026-04-06
8207306062,3,steel,us_note_16,2026-04-06
8207306095,3,steel,us_note_16,2026-04-06
84014000,3,steel,proclamation,2026-04-06
84179000,3,steel,proclamation,2026-04-06
84212900,3,steel,proclamation,2026-04-06
84248990,3,steel,proclamation,2026-04-06
84283200,3,steel,proclamation,2026-04-06
84283300,3,steel,proclamation,2026-04-06
84283900,3,steel,proclamation,2026-04-06
84286000,3,steel,proclamation,2026-04-06
84287000,3,steel,proclamation,2026-04-06
84289003,3,steel,proclamation,2026-04-06
84313900,3,steel,proclamation,2026-04-06
84314100,3,steel,proclamation,2026-04-06
845420,3,steel,proclamation,2026-04-06
8454200010,3,steel,us_note_16,2026-04-06
8454200060,3,steel,us_note_16,2026-04-06
84553000,3,steel,proclamation,2026-04-06
84559040,3,steel,proclamation,2026-04-06
84559080,3,steel,proclamation,2026-04-06
84571000,3,steel,proclamation,2026-04-06
84749000,3,steel,proclamation,2026-04-06
84771030,3,steel,proclamation,2026-04-06
84771040,3,steel,proclamation,2026-04-06
84771090,3,steel,proclamation,2026-04-06
847790,3,steel,proclamation,2026-04-06
84779025,3,steel,proclamation,2026-04-06
8477908601,3,steel,us_note_16,2026-04-06
84799095,3,steel,proclamation,2026-04-06
848049,3,steel,proclamation,2026-04-06
8480490010,3,steel,us_note_16,2026-04-06
848071,3,steel,proclamation,2026-04-06
8480718045,3,steel,us_note_16,2026-04-06
8480718060,3,steel,us_note_16,2026-04-06
848079,3,steel,proclamation,2026-04-06
8480799010,3,steel,us_note_16,2026-04-06
84836080,3,steel,proclamation,2026-04-06
84839020,3,steel,proclamation,2026-04-06
85042300,3,steel,proclamation,2026-04-06
84271040,1c,steel,proclamation_11032_annex_1c,2026-06-08
84271080,1c,steel,proclamation_11032_annex_1c,2026-06-08
84272040,1c,steel,proclamation_11032_annex_1c,2026-06-08
84272080,1c,steel,proclamation_11032_annex_1c,2026-06-08
84279000,1c,steel,proclamation_11032_annex_1c,2026-06-08
84291100,1c,steel,proclamation_11032_annex_1c,2026-06-08
84291900,1c,steel,proclamation_11032_annex_1c,2026-06-08
84292000,1c,steel,proclamation_11032_annex_1c,2026-06-08
84293000,1c,steel,proclamation_11032_annex_1c,2026-06-08
84294000,1c,steel,proclamation_11032_annex_1c,2026-06-08
84295110,1c,steel,proclamation_11032_annex_1c,2026-06-08
84295150,1c,steel,proclamation_11032_annex_1c,2026-06-08
84295210,1c,steel,proclamation_11032_annex_1c,2026-06-08
84295250,1c,steel,proclamation_11032_annex_1c,2026-06-08
84295910,1c,steel,proclamation_11032_annex_1c,2026-06-08
84295950,1c,steel,proclamation_11032_annex_1c,2026-06-08
84312000,1c,steel,proclamation_11032_annex_1c,2026-06-08
84314200,1c,steel,proclamation_11032_annex_1c,2026-06-08
84314990,1c,steel,proclamation_11032_annex_1c,2026-06-08
87011001,1c,steel,proclamation_11032_annex_1c,2026-06-08
87013050,1c,steel,proclamation_11032_annex_1c,2026-06-08
87019150,1c,steel,proclamation_11032_annex_1c,2026-06-08
87019250,1c,steel,proclamation_11032_annex_1c,2026-06-08
87019350,1c,steel,proclamation_11032_annex_1c,2026-06-08
87019450,1c,steel,proclamation_11032_annex_1c,2026-06-08
87019550,1c,steel,proclamation_11032_annex_1c,2026-06-08
87051000,1c,steel,proclamation_11032_annex_1c,2026-06-08
87052000,1c,steel,proclamation_11032_annex_1c,2026-06-08
37013000,1b,aluminum,proclamation_11032_annex_iv,2026-06-08
3701300000,1b,aluminum,proclamation_11032_annex_iv,2026-06-08
9403200075,1b,steel,proclamation_11032_annex_iv,2026-06-08
9403200082,1b,steel,proclamation_11032_annex_iv,2026-06-08
9403999040,1b,steel,proclamation_11032_annex_iv,2026-06-08
87082921,2,steel,proclamation_11032_annex_iv,2026-06-08
8708292120,3,steel,proclamation_11032_annex_iii,2026-06-08
84079010,3,steel,proclamation_11032_annex_iii,2026-06-08
84151060,3,steel,proclamation_11032_annex_iii,2026-06-08
84151090,3,steel,proclamation_11032_annex_iii,2026-06-08
84158101,3,steel,proclamation_11032_annex_iii,2026-06-08
84158201,3,steel,proclamation_11032_annex_iii,2026-06-08
84159080,3,steel,proclamation_11032_annex_iii,2026-06-08
84198150,3,steel,proclamation_11032_annex_iii,2026-06-08
84321000,3,steel,proclamation_11032_annex_iii,2026-06-08
84329000,3,steel,proclamation_11032_annex_iii,2026-06-08
84332000,3,steel,proclamation_11032_annex_iii,2026-06-08
84335100,3,steel,proclamation_11032_annex_iii,2026-06-08
84335900,3,steel,proclamation_11032_annex_iii,2026-06-08
84339050,3,steel,proclamation_11032_annex_iii,2026-06-08
84798955,3,steel,proclamation_11032_annex_iii,2026-06-08
84798965,3,steel,proclamation_11032_annex_iii,2026-06-08
85162900,3,steel,proclamation_11032_annex_iii,2026-06-08
87013010,3,steel,proclamation_11032_annex_iii,2026-06-08
87019110,3,steel,proclamation_11032_annex_iii,2026-06-08
87019210,3,steel,proclamation_11032_annex_iii,2026-06-08
87019310,3,steel,proclamation_11032_annex_iii,2026-06-08
87019410,3,steel,proclamation_11032_annex_iii,2026-06-08
87019510,3,steel,proclamation_11032_annex_iii,2026-06-08
87032101,3,steel,proclamation_11032_annex_iii,2026-06-08
87060030,3,steel,proclamation_11032_annex_iii,2026-06-08
87084030,3,steel,proclamation_11032_annex_iii,2026-06-08
87084060,3,steel,proclamation_11032_annex_iii,2026-06-08
87089210,3,steel,proclamation_11032_annex_iii,2026-06-08
87089260,3,steel,proclamation_11032_annex_iii,2026-06-08
87089315,3,steel,proclamation_11032_annex_iii,2026-06-08
87089330,3,steel,proclamation_11032_annex_iii,2026-06-08
87089923,3,steel,proclamation_11032_annex_iii,2026-06-08
87168010,3,steel,proclamation_11032_annex_iii,2026-06-08
87169010,3,steel,proclamation_11032_annex_iii,2026-06-08
8415908010,3,aluminum,proclamation_11032_annex_iii,2026-06-08
8415908020,3,aluminum,proclamation_11032_annex_iii,2026-06-08
8415908045,3,aluminum,proclamation_11032_annex_iii,2026-06-08
8415908085,3,aluminum,proclamation_11032_annex_iii,2026-06-08
8708292130,3,aluminum,proclamation_11032_annex_iii,2026-06-08
